,Club,Unnamed: 0,ID,Name,Age,Photo,Nationality,Flag,Overall,Potential,Club Logo,Value,Wage,Special,Preferred Foot,International Reputation,Weak Foot,Skill Moves,Work Rate,Body Type,Real Face,Position,Jersey Number,Joined,Loaned From,Contract Valid Until,Height,Weight,LS,ST,RS,LW,LF,CF,RF,RW,LAM,CAM,RAM,LM,LCM,CM,RCM,RM,LWB,LDM,CDM,RDM,RWB,LB,LCB,CB,RCB,RB,Crossing,Finishing,HeadingAccuracy,ShortPassing,Volleys,Dribbling,Curve,FKAccuracy,LongPassing,BallControl,Acceleration,SprintSpeed,Agility,Reactions,Balance,ShotPower,Jumping,Stamina,Strength,LongShots,Aggression,Interceptions,Positioning,Vision,Penalties,Composure,Marking,StandingTackle,SlidingTackle,GKDiving,GKHandling,GKKicking,GKPositioning,GKReflexes,Release Clause
3,Arsenal,131,192563,B. Leno,26,https://cdn.sofifa.org/players/4/19/192563.png,Germany,https://cdn.sofifa.org/flags/21.png,84,87,https://cdn.sofifa.org/teams/2/light/1.png,€27M,€115K,1278,Right,3.0,4.0,1.0,Medium/ Medium,Normal,No,GK,12.0,"Jul 1, 2018",,2023,6'3,183lbs,,,,,,,,,,,,,,,,,,,,,,,,,,,9.0,9.0,13.0,45.0,10.0,16.0,9.0,8.0,40.0,22.0,46.0,52.0,52.0,80.0,44.0,23.0,73.0,43.0,68.0,14.0,28.0,22.0,7.0,54.0,23.0,66.0,27.0,15.0,18.0,84.0,82.0,75.0,85.0,82.0,€53.3M
4,Arsenal,146,172879,Sokratis,30,https://cdn.sofifa.org/players/4/19/172879.png,Greece,https://cdn.sofifa.org/flags/22.png,84,84,https://cdn.sofifa.org/teams/2/light/1.png,€23M,€140K,1797,Right,3.0,2.0,2.0,Medium/ High,Normal,Yes,RCB,19.0,"Jul 2, 2018",,2021,6'1,187lbs,62+3,62+3,62+3,56+3,58+3,58+3,58+3,56+3,56+3,56+3,56+3,57+3,59+3,59+3,59+3,57+3,70+3,71+3,71+3,71+3,70+3,73+3,81+3,81+3,81+3,73+3,47.0,44.0,85.0,60.0,46.0,58.0,29.0,35.0,51.0,58.0,64.0,73.0,60.0,81.0,64.0,77.0,86.0,69.0,86.0,48.0,88.0,77.0,49.0,45.0,24.0,82.0,85.0,87.0,85.0,6.0,8.0,5.0,12.0,5.0,€43.7M
7,Arsenal,281,192227,S. Mustafi,26,https://cdn.sofifa.org/players/4/19/192227.png,Germany,https://cdn.sofifa.org/flags/21.png,82,84,https://cdn.sofifa.org/teams/2/light/1.png,€22.5M,€115K,1914,Right,3.0,3.0,2.0,Medium/ High,Normal,Yes,RCB,20.0,"Aug 30, 2016",,2021,6'0,181lbs,64+3,64+3,64+3,61+3,62+3,62+3,62+3,61+3,63+3,63+3,63+3,62+3,67+3,67+3,67+3,62+3,72+3,76+3,76+3,76+3,72+3,74+3,80+3,80+3,80+3,74+3,53.0,58.0,81.0,77.0,51.0,53.0,55.0,47.0,69.0,70.0,58.0,65.0,63.0,82.0,67.0,66.0,83.0,68.0,78.0,52.0,82.0,82.0,50.0,55.0,54.0,73.0,80.0,82.0,82.0,11.0,9.0,15.0,10.0,6.0,€44.4M
9,Arsenal,311,165229,L. Koscielny,32,https://cdn.sofifa.org/players/4/19/165229.png,France,https://cdn.sofifa.org/flags/18.png,82,82,https://cdn.sofifa.org/teams/2/light/1.png,€12.5M,€115K,1807,Right,3.0,3.0,2.0,Medium/ High,Lean,Yes,CB,6.0,"Jul 7, 2010",,2020,6'1,165lbs,57+3,57+3,57+3,58+3,58+3,58+3,58+3,58+3,60+3,60+3,60+3,60+3,65+3,65+3,65+3,60+3,71+3,75+3,75+3,75+3,71+3,74+3,80+3,80+3,80+3,74+3,52.0,32.0,80.0,76.0,35.0,62.0,22.0,49.0,69.0,66.0,64.0,66.0,65.0,76.0,61.0,54.0,78.0,62.0,75.0,47.0,86.0,84.0,41.0,56.0,51.0,75.0,80.0,84.0,83.0,13.0,11.0,9.0,11.0,7.0,€23.8M
12,Arsenal,464,203747,Héctor Bellerín,23,https://cdn.sofifa.org/players/4/19/203747.png,Spain,https://cdn.sofifa.org/flags/45.png,80,85,https://cdn.sofifa.org/teams/2/light/1.png,€16.5M,€85K,1990,Right,3.0,3.0,3.0,High/ Low,Lean,Yes,RB,2.0,"Jul 1, 2014",,2023,5'10,163lbs,65+3,65+3,65+3,73+3,70+3,70+3,70+3,73+3,71+3,71+3,71+3,75+3,71+3,71+3,71+3,75+3,79+3,74+3,74+3,74+3,79+3,79+3,73+3,73+3,73+3,79+3,76.0,52.0,60.0,76.0,41.0,75.0,63.0,50.0,59.0,78.0,94.0,91.0,82.0,78.0,77.0,52.0,63.0,84.0,58.0,43.0,72.0,77.0,67.0,66.0,62.0,70.0,75.0,78.0,80.0,8.0,14.0,14.0,13.0,12.0,€32.6M
0,Arsenal,33,188567,P. Aubameyang,29,https://cdn.sofifa.org/players/4/19/188567.png,Gabon,https://cdn.sofifa.org/flags/115.png,88,88,https://cdn.sofifa.org/teams/2/light/1.png,€59M,€265K,2069,Right,3.0,4.0,4.0,Medium/ Low,Lean,Yes,LM,14.0,"Jan 31, 2018",,2021,6'2,176lbs,84+3,84+3,84+3,83+3,83+3,83+3,83+3,83+3,81+3,81+3,81+3,81+3,73+3,73+3,73+3,81+3,64+3,58+3,58+3,58+3,64+3,61+3,52+3,52+3,52+3,61+3,77.0,88.0,79.0,77.0,86.0,79.0,80.0,74.0,64.0,82.0,93.0,95.0,76.0,87.0,70.0,82.0,79.0,76.0,76.0,79.0,43.0,48.0,90.0,77.0,76.0,86.0,27.0,25.0,36.0,6.0,9.0,15.0,9.0,9.0,€112.1M
1,Arsenal,74,176635,M. Özil,29,https://cdn.sofifa.org/players/4/19/176635.png,Germany,https://cdn.sofifa.org/flags/21.png,86,86,https://cdn.sofifa.org/teams/2/light/1.png,€43.5M,€190K,1911,Left,4.0,2.0,4.0,Medium/ Low,Lean,Yes,CAM,10.0,"Sep 2, 2013",,2021,5'11,168lbs,75+3,75+3,75+3,82+3,81+3,81+3,81+3,82+3,84+3,84+3,84+3,82+3,78+3,78+3,78+3,82+3,57+3,56+3,56+3,56+3,57+3,52+3,40+3,40+3,40+3,52+3,83.0,73.0,54.0,89.0,80.0,84.0,84.0,77.0,82.0,90.0,72.0,69.0,79.0,84.0,70.0,70.0,48.0,69.0,57.0,75.0,48.0,24.0,83.0,91.0,67.0,82.0,24.0,16.0,19.0,6.0,14.0,10.0,6.0,14.0,€82.7M
5,Arsenal,199,192883,H. Mkhitaryan,29,https://cdn.sofifa.org/players/4/19/192883.png,Armenia,https://cdn.sofifa.org/flags/3.png,83,83,https://cdn.sofifa.org/teams/2/light/1.png,€25.5M,€145K,2100,Right,3.0,5.0,4.0,Medium/ Medium,Normal,Yes,RM,7.0,"Jan 22, 2018",,2021,5'10,165lbs,76+3,76+3,76+3,81+3,80+3,80+3,80+3,81+3,81+3,81+3,81+3,80+3,78+3,78+3,78+3,80+3,70+3,68+3,68+3,68+3,70+3,67+3,59+3,59+3,59+3,67+3,77.0,74.0,53.0,80.0,81.0,84.0,83.0,64.0,71.0,86.0,84.0,78.0,87.0,79.0,85.0,85.0,69.0,83.0,62.0,73.0,69.0,64.0,82.0,84.0,72.0,76.0,41.0,53.0,55.0,5.0,11.0,14.0,5.0,7.0,€48.5M
6,Arsenal,235,223959,L. Torreira,22,https://cdn.sofifa.org/players/4/19/223959.png,Uruguay,https://cdn.sofifa.org/flags/60.png,82,87,https://cdn.sofifa.org/teams/2/light/1.png,€25M,€98K,2111,Right,2.0,3.0,3.0,Medium/ High,Normal,No,LCM,14.0,"Jul 12, 2018",,2023,5'6,141lbs,68+2,68+2,68+2,74+2,73+2,73+2,73+2,74+2,75+2,75+2,75+2,75+2,78+2,78+2,78+2,75+2,80+2,81+2,81+2,81+2,80+2,79+2,77+2,77+2,77+2,79+2,74.0,50.0,55.0,83.0,65.0,78.0,66.0,76.0,77.0,81.0,81.0,74.0,83.0,79.0,93.0,78.0,52.0,85.0,66.0,74.0,85.0,87.0,65.0,74.0,48.0,78.0,84.0,84.0,75.0,5.0,5.0,13.0,7.0,9.0,€49.4M
8,Arsenal,289,186561,A. Ramsey,27,https://cdn.sofifa.org/players/4/19/186561.png,Wales,https://cdn.sofifa.org/flags/50.png,82,83,https://cdn.sofifa.org/teams/2/light/1.png,€25M,€130K,2110,Right,3.0,3.0,3.0,High/ High,Lean,Yes,CAM,10.0,"Jun 13, 2008",,2019,6'0,168lbs,75+3,75+3,75+3,77+3,78+3,78+3,78+3,77+3,79+3,79+3,79+3,78+3,80+3,80+3,80+3,78+3,75+3,75+3,75+3,75+3,75+3,72+3,69+3,69+3,69+3,72+3,75.0,74.0,58.0,84.0,79.0,81.0,70.0,66.0,80.0,82.0,64.0,69.0,73.0,81.0,74.0,81.0,66.0,89.0,67.0,74.0,73.0,69.0,84.0,79.0,75.0,81.0,66.0,70.0,67.0,6.0,11.0,5.0,10.0,8.0,€49.4M
2,Arsenal,87,193301,A. Lacazette,27,https://cdn.sofifa.org/players/4/19/193301.png,France,https://cdn.sofifa.org/flags/18.png,85,86,https://cdn.sofifa.org/teams/2/light/1.png,€45M,€180K,2060,Right,3.0,4.0,4.0,High/ High,Normal,Yes,ST,9.0,"Jul 5, 2017",,2022,5'9,161lbs,82+3,82+3,82+3,81+3,83+3,83+3,83+3,81+3,81+3,81+3,81+3,79+3,74+3,74+3,74+3,79+3,62+3,60+3,60+3,60+3,62+3,59+3,54+3,54+3,54+3,59+3,64.0,88.0,73.0,80.0,81.0,85.0,74.0,71.0,59.0,83.0,81.0,84.0,85.0,85.0,85.0,83.0,76.0,79.0,73.0,75.0,70.0,42.0,86.0,76.0,84.0,85.0,29.0,42.0,30.0,11.0,6.0,9.0,5.0,6.0,€88.9M
