,Club,Unnamed: 0,ID,Name,Age,Photo,Nationality,Flag,Overall,Potential,Club Logo,Value,Wage,Special,Preferred Foot,International Reputation,Weak Foot,Skill Moves,Work Rate,Body Type,Real Face,Position,Jersey Number,Joined,Loaned From,Contract Valid Until,Height,Weight,LS,ST,RS,LW,LF,CF,RF,RW,LAM,CAM,RAM,LM,LCM,CM,RCM,RM,LWB,LDM,CDM,RDM,RWB,LB,LCB,CB,RCB,RB,Crossing,Finishing,HeadingAccuracy,ShortPassing,Volleys,Dribbling,Curve,FKAccuracy,LongPassing,BallControl,Acceleration,SprintSpeed,Agility,Reactions,Balance,ShotPower,Jumping,Stamina,Strength,LongShots,Aggression,Interceptions,Positioning,Vision,Penalties,Composure,Marking,StandingTackle,SlidingTackle,GKDiving,GKHandling,GKKicking,GKPositioning,GKReflexes,Release Clause
4,Watford,926,135451,Gomes,37,https://cdn.sofifa.org/players/4/19/135451.png,Brazil,https://cdn.sofifa.org/flags/54.png,77,77,https://cdn.sofifa.org/teams/2/light/1795.png,€600K,€25K,1249,Right,2.0,2.0,1.0,Medium/ Medium,Lean,Yes,GK,1.0,"May 24, 2014",,2019,6'3,209lbs,,,,,,,,,,,,,,,,,,,,,,,,,,,15.0,15.0,14.0,23.0,13.0,15.0,12.0,13.0,19.0,25.0,50.0,52.0,56.0,71.0,53.0,30.0,76.0,27.0,64.0,14.0,40.0,20.0,12.0,59.0,41.0,59.0,19.0,14.0,15.0,80.0,72.0,60.0,77.0,83.0,€1.1M
3,Watford,875,182744,J. Holebas,34,https://cdn.sofifa.org/players/4/19/182744.png,Greece,https://cdn.sofifa.org/flags/22.png,78,78,https://cdn.sofifa.org/teams/2/light/1795.png,€2.9M,€51K,2092,Left,2.0,2.0,3.0,High/ Medium,Lean,Yes,LB,25.0,"Jul 2, 2015",,2020,6'1,179lbs,70+2,70+2,70+2,71+2,70+2,70+2,70+2,71+2,70+2,70+2,70+2,72+2,72+2,72+2,72+2,72+2,76+2,75+2,75+2,75+2,76+2,76+2,76+2,76+2,76+2,76+2,83.0,57.0,74.0,76.0,50.0,73.0,69.0,71.0,69.0,77.0,74.0,76.0,71.0,74.0,73.0,82.0,73.0,79.0,73.0,72.0,89.0,71.0,62.0,64.0,57.0,72.0,75.0,80.0,77.0,15.0,13.0,13.0,14.0,16.0,€5.6M
6,Watford,1188,188155,D. Janmaat,28,https://cdn.sofifa.org/players/4/19/188155.png,Netherlands,https://cdn.sofifa.org/flags/34.png,77,77,https://cdn.sofifa.org/teams/2/light/1795.png,€7M,€50K,2037,Right,2.0,3.0,3.0,High/ Medium,Normal,Yes,RB,2.0,"Aug 24, 2016",,2020,6'1,176lbs,70+2,70+2,70+2,72+2,72+2,72+2,72+2,72+2,72+2,72+2,72+2,74+2,74+2,74+2,74+2,74+2,76+2,75+2,75+2,75+2,76+2,75+2,74+2,74+2,74+2,75+2,79.0,60.0,71.0,75.0,67.0,77.0,64.0,56.0,68.0,79.0,68.0,69.0,68.0,79.0,63.0,76.0,69.0,86.0,70.0,66.0,79.0,75.0,68.0,70.0,62.0,66.0,74.0,75.0,74.0,15.0,10.0,7.0,11.0,7.0,€13.3M
10,Watford,1441,189860,Kiko Femenía,27,https://cdn.sofifa.org/players/4/19/189860.png,Spain,https://cdn.sofifa.org/flags/45.png,76,77,https://cdn.sofifa.org/teams/2/light/1795.png,€7M,€44K,1998,Right,1.0,3.0,3.0,High/ Medium,Normal,Yes,RB,21.0,"Jul 1, 2017",,2021,5'9,134lbs,65+2,65+2,65+2,73+2,70+2,70+2,70+2,73+2,71+2,71+2,71+2,73+2,70+2,70+2,70+2,73+2,75+2,71+2,71+2,71+2,75+2,74+2,70+2,70+2,70+2,74+2,78.0,55.0,52.0,77.0,54.0,81.0,65.0,55.0,54.0,78.0,77.0,79.0,82.0,66.0,85.0,56.0,69.0,77.0,65.0,65.0,70.0,74.0,68.0,68.0,60.0,66.0,70.0,77.0,77.0,16.0,15.0,7.0,15.0,11.0,€13.8M
11,Watford,1650,193062,M. Zeegelaar,27,https://cdn.sofifa.org/players/4/19/193062.png,Netherlands,https://cdn.sofifa.org/flags/34.png,75,75,https://cdn.sofifa.org/teams/2/light/1795.png,€5.5M,€42K,1967,Left,1.0,3.0,3.0,High/ Medium,Normal,Yes,LB,22.0,"Aug 31, 2017",,2021,6'1,181lbs,69+2,69+2,69+2,70+2,70+2,70+2,70+2,70+2,69+2,69+2,69+2,71+2,70+2,70+2,70+2,71+2,74+2,71+2,71+2,71+2,74+2,73+2,72+2,72+2,72+2,73+2,75.0,56.0,60.0,69.0,58.0,74.0,68.0,52.0,59.0,76.0,69.0,77.0,65.0,73.0,53.0,76.0,65.0,78.0,79.0,64.0,71.0,74.0,74.0,67.0,53.0,68.0,73.0,75.0,74.0,12.0,15.0,12.0,11.0,10.0,€10.5M
0,Watford,344,208135,A. Doucouré,25,https://cdn.sofifa.org/players/4/19/208135.png,France,https://cdn.sofifa.org/flags/18.png,81,85,https://cdn.sofifa.org/teams/2/light/1795.png,€19.5M,€60K,2081,Right,2.0,3.0,3.0,High/ Medium,Lean,Yes,RDM,16.0,"Feb 2, 2016",,2023,6'0,168lbs,74+2,74+2,74+2,74+2,75+2,75+2,75+2,74+2,75+2,75+2,75+2,75+2,78+2,78+2,78+2,75+2,78+2,80+2,80+2,80+2,78+2,77+2,78+2,78+2,78+2,77+2,68.0,73.0,66.0,82.0,68.0,78.0,41.0,42.0,74.0,80.0,63.0,70.0,60.0,74.0,69.0,84.0,72.0,93.0,81.0,75.0,78.0,82.0,73.0,76.0,54.0,74.0,79.0,83.0,75.0,15.0,12.0,12.0,15.0,14.0,€38.5M
2,Watford,491,193061,R. Pereyra,27,https://cdn.sofifa.org/players/4/19/193061.png,Argentina,https://cdn.sofifa.org/flags/52.png,80,80,https://cdn.sofifa.org/teams/2/light/1795.png,€15.5M,€65K,2052,Right,2.0,4.0,4.0,High/ Medium,Lean,Yes,LM,7.0,"Aug 19, 2016",,2021,6'0,170lbs,73+2,73+2,73+2,78+2,77+2,77+2,77+2,78+2,79+2,79+2,79+2,79+2,77+2,77+2,77+2,79+2,73+2,71+2,71+2,71+2,73+2,71+2,65+2,65+2,65+2,71+2,78.0,74.0,60.0,82.0,73.0,84.0,78.0,72.0,75.0,84.0,75.0,76.0,75.0,74.0,73.0,68.0,65.0,77.0,63.0,74.0,66.0,70.0,76.0,80.0,72.0,78.0,50.0,64.0,70.0,4.0,5.0,3.0,4.0,8.0,€29.5M
5,Watford,1105,206516,W. Hughes,23,https://cdn.sofifa.org/players/4/19/206516.png,England,https://cdn.sofifa.org/flags/14.png,77,84,https://cdn.sofifa.org/teams/2/light/1795.png,€12.5M,€45K,1949,Left,1.0,3.0,4.0,Medium/ Medium,Lean,Yes,RM,19.0,"Jun 24, 2017",,2022,6'1,163lbs,68+2,68+2,68+2,73+2,73+2,73+2,73+2,73+2,75+2,75+2,75+2,74+2,76+2,76+2,76+2,74+2,71+2,72+2,72+2,72+2,71+2,70+2,67+2,67+2,67+2,70+2,69.0,67.0,58.0,79.0,48.0,78.0,60.0,60.0,73.0,80.0,67.0,59.0,71.0,77.0,75.0,60.0,51.0,74.0,59.0,62.0,70.0,65.0,72.0,84.0,66.0,78.0,69.0,72.0,69.0,7.0,15.0,12.0,9.0,12.0,€26.3M
7,Watford,1241,189725,T. Cleverley,28,https://cdn.sofifa.org/players/4/19/189725.png,England,https://cdn.sofifa.org/flags/14.png,76,76,https://cdn.sofifa.org/teams/2/light/1795.png,€7.5M,€51K,1967,Right,2.0,3.0,3.0,High/ Medium,Normal,Yes,CM,8.0,"Jul 1, 2017",,2022,5'9,148lbs,68+2,68+2,68+2,72+2,72+2,72+2,72+2,72+2,73+2,73+2,73+2,73+2,74+2,74+2,74+2,73+2,69+2,69+2,69+2,69+2,69+2,66+2,62+2,62+2,62+2,66+2,74.0,64.0,48.0,77.0,68.0,74.0,59.0,62.0,76.0,74.0,63.0,69.0,69.0,77.0,75.0,74.0,61.0,77.0,53.0,75.0,71.0,65.0,74.0,77.0,72.0,67.0,56.0,71.0,52.0,15.0,11.0,9.0,12.0,13.0,€14.3M
8,Watford,1314,205897,N. Chalobah,23,https://cdn.sofifa.org/players/4/19/205897.png,England,https://cdn.sofifa.org/flags/14.png,76,81,https://cdn.sofifa.org/teams/2/light/1795.png,€8.5M,€38K,1934,Right,1.0,3.0,3.0,Medium/ Medium,Lean,Yes,CDM,14.0,"Jul 13, 2017",,2022,6'1,168lbs,67+2,67+2,67+2,68+2,69+2,69+2,69+2,68+2,71+2,71+2,71+2,69+2,74+2,74+2,74+2,69+2,70+2,74+2,74+2,74+2,70+2,71+2,73+2,73+2,73+2,71+2,58.0,55.0,71.0,78.0,53.0,74.0,51.0,38.0,79.0,78.0,62.0,69.0,71.0,70.0,65.0,75.0,70.0,69.0,75.0,67.0,74.0,72.0,62.0,76.0,49.0,68.0,70.0,77.0,74.0,12.0,9.0,15.0,8.0,8.0,€16.8M
1,Watford,469,202477,Deulofeu,24,https://cdn.sofifa.org/players/4/19/202477.png,Spain,https://cdn.sofifa.org/flags/45.png,80,82,https://cdn.sofifa.org/teams/2/light/1795.png,€18.5M,€56K,1926,Right,3.0,4.0,4.0,High/ Low,Normal,Yes,RS,7.0,"Jun 11, 2018",,2023,5'10,161lbs,72+3,72+3,72+3,80+3,78+3,78+3,78+3,80+3,79+3,79+3,79+3,79+3,70+3,70+3,70+3,79+3,59+3,53+3,53+3,53+3,59+3,54+3,42+3,42+3,42+3,54+3,75.0,69.0,40.0,78.0,68.0,88.0,84.0,77.0,62.0,86.0,89.0,88.0,94.0,74.0,77.0,72.0,70.0,70.0,54.0,66.0,40.0,25.0,77.0,76.0,77.0,76.0,34.0,30.0,22.0,12.0,16.0,14.0,11.0,11.0,€36.5M
