,Club,Unnamed: 0,ID,Name,Age,Photo,Nationality,Flag,Overall,Potential,Club Logo,Value,Wage,Special,Preferred Foot,International Reputation,Weak Foot,Skill Moves,Work Rate,Body Type,Real Face,Position,Jersey Number,Joined,Loaned From,Contract Valid Until,Height,Weight,LS,ST,RS,LW,LF,CF,RF,RW,LAM,CAM,RAM,LM,LCM,CM,RCM,RM,LWB,LDM,CDM,RDM,RWB,LB,LCB,CB,RCB,RB,Crossing,Finishing,HeadingAccuracy,ShortPassing,Volleys,Dribbling,Curve,FKAccuracy,LongPassing,BallControl,Acceleration,SprintSpeed,Agility,Reactions,Balance,ShotPower,Jumping,Stamina,Strength,LongShots,Aggression,Interceptions,Positioning,Vision,Penalties,Composure,Marking,StandingTackle,SlidingTackle,GKDiving,GKHandling,GKKicking,GKPositioning,GKReflexes,Release Clause
0,Wolverhampton Wanderers,213,178005,Rui Patrício,30,https://cdn.sofifa.org/players/4/19/178005.png,Portugal,https://cdn.sofifa.org/flags/38.png,83,83,https://cdn.sofifa.org/teams/2/light/110.png,€16.5M,€74K,1352,Left,3.0,2.0,1.0,Medium/ Medium,Normal,Yes,GK,1.0,"Jun 18, 2018",,2022,6'3,185lbs,,,,,,,,,,,,,,,,,,,,,,,,,,,12.0,12.0,11.0,31.0,17.0,20.0,10.0,16.0,30.0,23.0,53.0,57.0,61.0,80.0,54.0,38.0,79.0,45.0,77.0,11.0,39.0,22.0,13.0,64.0,32.0,66.0,14.0,13.0,11.0,85.0,81.0,80.0,79.0,82.0,€31.4M
3,Wolverhampton Wanderers,601,210455,Jonny,24,https://cdn.sofifa.org/players/4/19/210455.png,Spain,https://cdn.sofifa.org/flags/45.png,79,83,https://cdn.sofifa.org/teams/2/light/110.png,€13.5M,€43K,1928,Right,2.0,3.0,3.0,High/ High,Normal,Yes,LWB,19.0,,Atlético Madrid,"Jun 30, 2019",5'7,154lbs,61+2,61+2,61+2,66+2,63+2,63+2,63+2,66+2,64+2,64+2,64+2,68+2,67+2,67+2,67+2,68+2,77+2,74+2,74+2,74+2,77+2,77+2,76+2,76+2,76+2,77+2,77.0,34.0,70.0,73.0,44.0,73.0,60.0,54.0,59.0,76.0,77.0,78.0,72.0,71.0,78.0,66.0,75.0,83.0,64.0,45.0,82.0,80.0,53.0,55.0,46.0,70.0,77.0,79.0,82.0,7.0,10.0,12.0,10.0,6.0,
5,Wolverhampton Wanderers,794,212501,L. Dendoncker,23,https://cdn.sofifa.org/players/4/19/212501.png,Belgium,https://cdn.sofifa.org/flags/7.png,78,84,https://cdn.sofifa.org/teams/2/light/110.png,€12M,€18K,2074,Right,2.0,4.0,2.0,High/ High,Normal,No,CB,20.0,,RSC Anderlecht,"Jun 30, 2019",6'2,194lbs,73+2,73+2,73+2,70+2,71+2,71+2,71+2,70+2,72+2,72+2,72+2,72+2,75+2,75+2,75+2,72+2,75+2,77+2,77+2,77+2,75+2,75+2,77+2,77+2,77+2,75+2,75.0,66.0,78.0,78.0,71.0,68.0,72.0,71.0,78.0,73.0,61.0,68.0,57.0,73.0,53.0,86.0,66.0,89.0,87.0,76.0,73.0,78.0,71.0,76.0,44.0,74.0,76.0,78.0,76.0,14.0,8.0,14.0,14.0,6.0,
7,Wolverhampton Wanderers,1193,202750,W. Boly,27,https://cdn.sofifa.org/players/4/19/202750.png,France,https://cdn.sofifa.org/flags/18.png,77,80,https://cdn.sofifa.org/teams/2/light/110.png,€9M,€58K,1660,Right,1.0,4.0,2.0,Medium/ Medium,Normal,Yes,LCB,15.0,"Jun 9, 2018",,2021,6'5,214lbs,54+2,54+2,54+2,52+2,52+2,52+2,52+2,52+2,54+2,54+2,54+2,55+2,58+2,58+2,58+2,55+2,66+2,70+2,70+2,70+2,66+2,68+2,76+2,76+2,76+2,68+2,50.0,32.0,75.0,70.0,23.0,48.0,43.0,35.0,58.0,60.0,57.0,69.0,55.0,71.0,45.0,52.0,62.0,58.0,93.0,21.0,79.0,76.0,43.0,52.0,56.0,76.0,72.0,78.0,78.0,7.0,8.0,15.0,10.0,9.0,€17.8M
11,Wolverhampton Wanderers,1974,201417,M. Doherty,26,https://cdn.sofifa.org/players/4/19/201417.png,Republic of Ireland,https://cdn.sofifa.org/flags/25.png,75,78,https://cdn.sofifa.org/teams/2/light/110.png,€7M,€52K,1964,Right,1.0,4.0,3.0,High/ Medium,Normal,Yes,RWB,6.0,"Aug 1, 2010",,2021,6'0,196lbs,68+2,68+2,68+2,70+2,70+2,70+2,70+2,70+2,70+2,70+2,70+2,72+2,71+2,71+2,71+2,72+2,73+2,72+2,72+2,72+2,73+2,72+2,70+2,70+2,70+2,72+2,71.0,57.0,62.0,74.0,46.0,74.0,62.0,45.0,69.0,75.0,74.0,78.0,69.0,68.0,68.0,72.0,82.0,89.0,73.0,62.0,73.0,69.0,71.0,66.0,48.0,67.0,69.0,71.0,72.0,15.0,8.0,12.0,11.0,9.0,€13.8M
1,Wolverhampton Wanderers,401,162347,João Moutinho,31,https://cdn.sofifa.org/players/4/19/162347.png,Portugal,https://cdn.sofifa.org/flags/38.png,81,81,https://cdn.sofifa.org/teams/2/light/110.png,€15M,€85K,2164,Right,3.0,4.0,3.0,High/ Medium,Normal,Yes,RCM,28.0,"Jul 24, 2018",,2020,5'7,134lbs,74+3,74+3,74+3,76+3,76+3,76+3,76+3,76+3,78+3,78+3,78+3,76+3,79+3,79+3,79+3,76+3,73+3,75+3,75+3,75+3,73+3,72+3,71+3,71+3,71+3,72+3,77.0,74.0,70.0,83.0,76.0,79.0,82.0,79.0,81.0,82.0,66.0,59.0,76.0,75.0,84.0,76.0,77.0,78.0,63.0,80.0,74.0,72.0,74.0,80.0,70.0,86.0,68.0,72.0,68.0,13.0,15.0,15.0,13.0,13.0,€28.5M
2,Wolverhampton Wanderers,429,224293,Rúben Neves,21,https://cdn.sofifa.org/players/4/19/224293.png,Portugal,https://cdn.sofifa.org/flags/38.png,80,87,https://cdn.sofifa.org/teams/2/light/110.png,€20.5M,€59K,2098,Right,2.0,3.0,3.0,Medium/ Medium,Normal,Yes,LCM,5.0,"Jul 8, 2017",,2023,5'11,176lbs,69+2,69+2,69+2,72+2,72+2,72+2,72+2,72+2,75+2,75+2,75+2,74+2,78+2,78+2,78+2,74+2,74+2,77+2,77+2,77+2,74+2,72+2,71+2,71+2,71+2,72+2,75.0,61.0,51.0,84.0,74.0,73.0,79.0,83.0,85.0,80.0,64.0,64.0,65.0,77.0,70.0,83.0,68.0,78.0,70.0,83.0,82.0,75.0,61.0,83.0,62.0,83.0,69.0,74.0,69.0,16.0,12.0,10.0,8.0,10.0,€43.1M
13,Wolverhampton Wanderers,2429,208295,R. Saïss,28,https://cdn.sofifa.org/players/4/19/208295.png,Morocco,https://cdn.sofifa.org/flags/129.png,74,74,https://cdn.sofifa.org/teams/2/light/110.png,€5.5M,€55K,1891,Left,1.0,3.0,3.0,Medium/ Medium,Lean,Yes,CM,27.0,"Aug 30, 2016",,2020,6'3,185lbs,63+2,63+2,63+2,64+2,65+2,65+2,65+2,64+2,68+2,68+2,68+2,66+2,72+2,72+2,72+2,66+2,71+2,76+2,76+2,76+2,71+2,71+2,74+2,74+2,74+2,71+2,53.0,49.0,73.0,79.0,47.0,67.0,59.0,43.0,79.0,73.0,62.0,64.0,65.0,77.0,65.0,64.0,69.0,74.0,71.0,55.0,81.0,78.0,51.0,73.0,47.0,79.0,76.0,75.0,72.0,10.0,16.0,6.0,11.0,7.0,€10.5M
19,Wolverhampton Wanderers,8700,236015,M. Gibbs-White,18,https://cdn.sofifa.org/players/4/19/236015.png,England,https://cdn.sofifa.org/flags/14.png,67,86,https://cdn.sofifa.org/teams/2/light/110.png,€1.6M,€10K,1693,Right,1.0,2.0,4.0,Medium/ Medium,Normal,Yes,CM,17.0,"Jan 7, 2017",,2022,5'10,154lbs,59+2,59+2,59+2,63+2,64+2,64+2,64+2,63+2,66+2,66+2,66+2,64+2,65+2,65+2,65+2,64+2,58+2,60+2,60+2,60+2,58+2,56+2,52+2,52+2,52+2,56+2,52.0,51.0,38.0,73.0,48.0,70.0,55.0,51.0,69.0,70.0,65.0,63.0,70.0,58.0,69.0,68.0,57.0,63.0,54.0,63.0,55.0,54.0,61.0,67.0,46.0,70.0,52.0,49.0,48.0,7.0,7.0,14.0,15.0,11.0,€3.9M
25,Wolverhampton Wanderers,15587,237966,Paulo Alves,20,https://cdn.sofifa.org/players/4/19/237966.png,Portugal,https://cdn.sofifa.org/flags/38.png,59,70,https://cdn.sofifa.org/teams/2/light/110.png,€260K,€6K,1584,Right,1.0,3.0,3.0,High/ Medium,Lean,No,CM,38.0,"Jul 19, 2018",,2020,5'9,159lbs,55+2,55+2,55+2,57+2,57+2,57+2,57+2,57+2,58+2,58+2,58+2,57+2,57+2,57+2,57+2,57+2,51+2,52+2,52+2,52+2,51+2,50+2,48+2,48+2,48+2,50+2,52.0,52.0,48.0,62.0,51.0,60.0,56.0,52.0,63.0,62.0,57.0,59.0,70.0,60.0,68.0,63.0,56.0,54.0,54.0,46.0,47.0,33.0,48.0,62.0,55.0,64.0,45.0,48.0,47.0,11.0,12.0,7.0,9.0,15.0,€546K
4,Wolverhampton Wanderers,756,224458,Diogo Jota,21,https://cdn.sofifa.org/players/4/19/224458.png,Portugal,https://cdn.sofifa.org/flags/38.png,78,86,https://cdn.sofifa.org/teams/2/light/110.png,€15.5M,€56K,2031,Right,2.0,4.0,4.0,High/ High,Lean,Yes,LW,18.0,"Jul 1, 2018",,2021,5'10,161lbs,75+2,75+2,75+2,77+2,77+2,77+2,77+2,77+2,77+2,77+2,77+2,76+2,73+2,73+2,73+2,76+2,66+2,65+2,65+2,65+2,66+2,63+2,59+2,59+2,59+2,63+2,65.0,74.0,56.0,72.0,71.0,81.0,76.0,58.0,65.0,83.0,87.0,76.0,87.0,80.0,87.0,78.0,66.0,82.0,72.0,71.0,80.0,54.0,81.0,72.0,61.0,83.0,49.0,54.0,39.0,7.0,12.0,15.0,9.0,11.0,€32.6M
