,Club,Unnamed: 0,ID,Name,Age,Photo,Nationality,Flag,Overall,Potential,Club Logo,Value,Wage,Special,Preferred Foot,International Reputation,Weak Foot,Skill Moves,Work Rate,Body Type,Real Face,Position,Jersey Number,Joined,Loaned From,Contract Valid Until,Height,Weight,LS,ST,RS,LW,LF,CF,RF,RW,LAM,CAM,RAM,LM,LCM,CM,RCM,RM,LWB,LDM,CDM,RDM,RWB,LB,LCB,CB,RCB,RB,Crossing,Finishing,HeadingAccuracy,ShortPassing,Volleys,Dribbling,Curve,FKAccuracy,LongPassing,BallControl,Acceleration,SprintSpeed,Agility,Reactions,Balance,ShotPower,Jumping,Stamina,Strength,LongShots,Aggression,Interceptions,Positioning,Vision,Penalties,Composure,Marking,StandingTackle,SlidingTackle,GKDiving,GKHandling,GKKicking,GKPositioning,GKReflexes,Release Clause
4,Liverpool,81,212831,Alisson,25,https://cdn.sofifa.org/players/4/19/212831.png,Brazil,https://cdn.sofifa.org/flags/54.png,85,90,https://cdn.sofifa.org/teams/2/light/9.png,€36.5M,€115K,1320,Right,3.0,3.0,1.0,Medium/ Medium,Normal,Yes,GK,13.0,"Jul 19, 2018",,2024,6'3,201lbs,,,,,,,,,,,,,,,,,,,,,,,,,,,17.0,13.0,19.0,45.0,20.0,27.0,19.0,18.0,44.0,30.0,54.0,45.0,40.0,84.0,37.0,21.0,52.0,32.0,78.0,14.0,27.0,11.0,13.0,66.0,23.0,65.0,15.0,19.0,16.0,83.0,81.0,85.0,84.0,88.0,€72.1M
2,Liverpool,59,203376,V. van Dijk,26,https://cdn.sofifa.org/players/4/19/203376.png,Netherlands,https://cdn.sofifa.org/flags/34.png,86,88,https://cdn.sofifa.org/teams/2/light/9.png,€44.5M,€165K,2046,Right,3.0,3.0,2.0,Medium/ Medium,Normal,Yes,LCB,4.0,"Jan 1, 2018",,2023,6'4,203lbs,68+3,68+3,68+3,65+3,66+3,66+3,66+3,65+3,67+3,67+3,67+3,67+3,71+3,71+3,71+3,67+3,76+3,80+3,80+3,80+3,76+3,78+3,85+3,85+3,85+3,78+3,53.0,52.0,82.0,76.0,45.0,70.0,60.0,70.0,78.0,73.0,74.0,77.0,61.0,85.0,49.0,81.0,85.0,71.0,92.0,64.0,81.0,86.0,41.0,59.0,62.0,83.0,88.0,89.0,84.0,13.0,10.0,13.0,11.0,11.0,€87.9M
7,Liverpool,241,216267,A. Robertson,24,https://cdn.sofifa.org/players/4/19/216267.png,Scotland,https://cdn.sofifa.org/flags/42.png,82,87,https://cdn.sofifa.org/teams/2/light/9.png,€24.5M,€98K,2023,Left,1.0,2.0,3.0,High/ High,Lean,Yes,LB,3.0,"Jul 21, 2017",,2021,5'10,141lbs,68+2,68+2,68+2,74+2,72+2,72+2,72+2,74+2,73+2,73+2,73+2,76+2,74+2,74+2,74+2,76+2,81+2,77+2,77+2,77+2,81+2,80+2,75+2,75+2,75+2,80+2,86.0,57.0,63.0,76.0,32.0,76.0,74.0,30.0,68.0,78.0,81.0,86.0,78.0,81.0,74.0,67.0,59.0,89.0,66.0,60.0,78.0,80.0,66.0,74.0,55.0,73.0,80.0,81.0,78.0,11.0,8.0,10.0,7.0,14.0,€48.4M
10,Liverpool,368,195086,D. Lovren,28,https://cdn.sofifa.org/players/4/19/195086.png,Croatia,https://cdn.sofifa.org/flags/10.png,81,82,https://cdn.sofifa.org/teams/2/light/9.png,€16M,€115K,1726,Right,2.0,4.0,2.0,Medium/ High,Normal,Yes,RCB,6.0,"Jul 27, 2014",,2021,6'2,185lbs,54+2,54+2,54+2,54+2,54+2,54+2,54+2,54+2,56+2,56+2,56+2,58+2,62+2,62+2,62+2,58+2,71+2,74+2,74+2,74+2,71+2,72+2,79+2,79+2,79+2,72+2,59.0,33.0,80.0,69.0,42.0,63.0,26.0,18.0,66.0,67.0,54.0,55.0,50.0,75.0,41.0,63.0,81.0,68.0,82.0,34.0,87.0,81.0,21.0,56.0,52.0,70.0,77.0,83.0,85.0,14.0,14.0,13.0,10.0,7.0,€31.6M
14,Liverpool,483,197061,J. Matip,26,https://cdn.sofifa.org/players/4/19/197061.png,Cameroon,https://cdn.sofifa.org/flags/103.png,80,82,https://cdn.sofifa.org/teams/2/light/9.png,€15M,€99K,1846,Right,2.0,2.0,2.0,Medium/ Medium,Lean,Yes,CB,32.0,"Jul 1, 2016",,2020,6'4,198lbs,61+2,61+2,61+2,61+2,62+2,62+2,62+2,61+2,65+2,65+2,65+2,64+2,71+2,71+2,71+2,64+2,73+2,77+2,77+2,77+2,73+2,74+2,79+2,79+2,79+2,74+2,54.0,36.0,82.0,77.0,50.0,65.0,63.0,22.0,74.0,69.0,55.0,69.0,55.0,80.0,47.0,66.0,66.0,73.0,77.0,48.0,75.0,83.0,51.0,72.0,42.0,75.0,80.0,84.0,78.0,11.0,15.0,10.0,7.0,10.0,€29.6M
0,Liverpool,26,209331,M. Salah,26,https://cdn.sofifa.org/players/4/19/209331.png,Egypt,https://cdn.sofifa.org/flags/111.png,88,89,https://cdn.sofifa.org/teams/2/light/9.png,€69.5M,€255K,2146,Left,3.0,3.0,4.0,High/ Medium,PLAYER_BODY_TYPE_25,Yes,RM,10.0,"Jul 1, 2017",,2023,5'9,157lbs,83+3,83+3,83+3,87+3,86+3,86+3,86+3,87+3,86+3,86+3,86+3,86+3,80+3,80+3,80+3,86+3,70+3,66+3,66+3,66+3,70+3,66+3,57+3,57+3,57+3,66+3,78.0,90.0,59.0,82.0,73.0,89.0,83.0,60.0,72.0,88.0,94.0,91.0,91.0,91.0,88.0,77.0,68.0,84.0,70.0,83.0,63.0,55.0,90.0,82.0,61.0,91.0,38.0,43.0,41.0,14.0,14.0,9.0,11.0,14.0,€137.3M
1,Liverpool,58,208722,S. Mané,26,https://cdn.sofifa.org/players/4/19/208722.png,Senegal,https://cdn.sofifa.org/flags/136.png,86,87,https://cdn.sofifa.org/teams/2/light/9.png,€52M,€195K,2110,Right,3.0,4.0,4.0,High/ Medium,Lean,Yes,LM,10.0,"Jul 1, 2016",,2023,5'9,152lbs,81+3,81+3,81+3,84+3,84+3,84+3,84+3,84+3,83+3,83+3,83+3,83+3,77+3,77+3,77+3,83+3,66+3,63+3,63+3,63+3,66+3,62+3,55+3,55+3,55+3,62+3,73.0,84.0,62.0,79.0,71.0,87.0,74.0,64.0,71.0,86.0,95.0,93.0,91.0,86.0,86.0,82.0,75.0,84.0,67.0,74.0,73.0,35.0,87.0,82.0,71.0,80.0,42.0,42.0,38.0,10.0,10.0,15.0,7.0,14.0,€102.7M
3,Liverpool,61,201942,Roberto Firmino,26,https://cdn.sofifa.org/players/4/19/201942.png,Brazil,https://cdn.sofifa.org/flags/54.png,86,87,https://cdn.sofifa.org/teams/2/light/9.png,€53M,€195K,2187,Right,3.0,4.0,4.0,High/ High,Lean,Yes,CAM,9.0,"Jul 6, 2015",,2023,5'11,168lbs,83+3,83+3,83+3,83+3,84+3,84+3,84+3,83+3,84+3,84+3,84+3,83+3,82+3,82+3,82+3,83+3,72+3,73+3,73+3,73+3,72+3,69+3,67+3,67+3,67+3,69+3,72.0,87.0,77.0,86.0,81.0,87.0,80.0,65.0,75.0,88.0,78.0,77.0,80.0,86.0,81.0,81.0,81.0,90.0,74.0,76.0,73.0,58.0,87.0,85.0,72.0,87.0,60.0,64.0,42.0,8.0,11.0,9.0,6.0,10.0,€104.7M
5,Liverpool,118,209499,Fabinho,24,https://cdn.sofifa.org/players/4/19/209499.png,Brazil,https://cdn.sofifa.org/flags/54.png,84,88,https://cdn.sofifa.org/teams/2/light/9.png,€34M,€120K,2164,Right,3.0,2.0,3.0,Medium/ Medium,Lean,No,CDM,3.0,"Jul 1, 2018",,2023,6'2,172lbs,73+3,73+3,73+3,75+3,75+3,75+3,75+3,75+3,76+3,76+3,76+3,77+3,79+3,79+3,79+3,77+3,82+3,83+3,83+3,83+3,82+3,82+3,82+3,82+3,82+3,82+3,79.0,66.0,75.0,83.0,47.0,76.0,71.0,53.0,78.0,82.0,69.0,72.0,69.0,83.0,67.0,78.0,75.0,92.0,79.0,65.0,85.0,84.0,70.0,75.0,91.0,84.0,83.0,86.0,84.0,13.0,12.0,6.0,8.0,8.0,€67.2M
6,Liverpool,161,220971,N. Keïta,23,https://cdn.sofifa.org/players/4/19/220971.png,Guinea,https://cdn.sofifa.org/flags/118.png,83,88,https://cdn.sofifa.org/teams/2/light/9.png,€34M,€120K,2082,Right,2.0,4.0,4.0,High/ Medium,Lean,Yes,CM,8.0,"Jul 1, 2018",,2023,5'8,141lbs,73+2,73+2,73+2,79+2,79+2,79+2,79+2,79+2,82+2,82+2,82+2,79+2,81+2,81+2,81+2,79+2,73+2,76+2,76+2,76+2,73+2,70+2,66+2,66+2,66+2,70+2,62.0,74.0,42.0,88.0,71.0,88.0,64.0,70.0,78.0,88.0,78.0,60.0,89.0,82.0,90.0,76.0,53.0,82.0,58.0,73.0,78.0,75.0,74.0,81.0,58.0,79.0,68.0,62.0,61.0,7.0,14.0,15.0,14.0,9.0,€67.2M
16,Liverpool,529,171833,D. Sturridge,28,https://cdn.sofifa.org/players/4/19/171833.png,England,https://cdn.sofifa.org/flags/14.png,80,80,https://cdn.sofifa.org/teams/2/light/9.png,€15.5M,€125K,1837,Left,3.0,2.0,4.0,Medium/ Low,Normal,Yes,ST,15.0,"Jan 2, 2013",,2019,5'11,168lbs,77+3,77+3,77+3,76+3,78+3,78+3,78+3,76+3,76+3,76+3,76+3,74+3,68+3,68+3,68+3,74+3,50+3,49+3,49+3,49+3,50+3,46+3,41+3,41+3,41+3,46+3,62.0,83.0,70.0,72.0,73.0,79.0,62.0,68.0,62.0,80.0,72.0,78.0,74.0,78.0,64.0,82.0,70.0,55.0,66.0,79.0,60.0,22.0,81.0,74.0,75.0,81.0,11.0,24.0,12.0,7.0,15.0,9.0,5.0,13.0,€29.5M
