,Club,Unnamed: 0,ID,Name,Age,Photo,Nationality,Flag,Overall,Potential,Club Logo,Value,Wage,Special,Preferred Foot,International Reputation,Weak Foot,Skill Moves,Work Rate,Body Type,Real Face,Position,Jersey Number,Joined,Loaned From,Contract Valid Until,Height,Weight,LS,ST,RS,LW,LF,CF,RF,RW,LAM,CAM,RAM,LM,LCM,CM,RCM,RM,LWB,LDM,CDM,RDM,RWB,LB,LCB,CB,RCB,RB,Crossing,Finishing,HeadingAccuracy,ShortPassing,Volleys,Dribbling,Curve,FKAccuracy,LongPassing,BallControl,Acceleration,SprintSpeed,Agility,Reactions,Balance,ShotPower,Jumping,Stamina,Strength,LongShots,Aggression,Interceptions,Positioning,Vision,Penalties,Composure,Marking,StandingTackle,SlidingTackle,GKDiving,GKHandling,GKKicking,GKPositioning,GKReflexes,Release Clause
3,Bournemouth,704,172723,A. Begović,31,https://cdn.sofifa.org/players/4/19/172723.png,Bosnia Herzegovina,https://cdn.sofifa.org/flags/8.png,79,79,https://cdn.sofifa.org/teams/2/light/1943.png,€7.5M,€52K,1234,Right,3.0,2.0,1.0,Medium/ Medium,Lean,Yes,GK,27.0,"May 30, 2017",,2020,6'6,183lbs,,,,,,,,,,,,,,,,,,,,,,,,,,,14.0,19.0,12.0,26.0,12.0,16.0,17.0,15.0,32.0,24.0,52.0,58.0,52.0,74.0,40.0,28.0,38.0,36.0,80.0,12.0,42.0,21.0,11.0,34.0,40.0,61.0,18.0,11.0,12.0,80.0,80.0,72.0,77.0,79.0,€14.3M
1,Bournemouth,604,208920,N. Aké,23,https://cdn.sofifa.org/players/4/19/208920.png,Netherlands,https://cdn.sofifa.org/flags/34.png,79,84,https://cdn.sofifa.org/teams/2/light/1943.png,€14.5M,€55K,1969,Left,1.0,3.0,2.0,Medium/ High,Lean,Yes,CB,15.0,"Jun 30, 2017",,2022,5'11,165lbs,64+2,64+2,64+2,66+2,65+2,65+2,65+2,66+2,67+2,67+2,67+2,68+2,70+2,70+2,70+2,68+2,75+2,76+2,76+2,76+2,75+2,76+2,77+2,77+2,77+2,76+2,63.0,45.0,74.0,77.0,52.0,67.0,62.0,59.0,73.0,73.0,75.0,74.0,68.0,79.0,69.0,63.0,86.0,73.0,75.0,56.0,72.0,78.0,53.0,65.0,48.0,72.0,79.0,81.0,80.0,10.0,7.0,7.0,16.0,10.0,€28.6M
4,Bournemouth,889,193011,S. Cook,27,https://cdn.sofifa.org/players/4/19/193011.png,England,https://cdn.sofifa.org/flags/14.png,78,78,https://cdn.sofifa.org/teams/2/light/1943.png,€8.5M,€58K,1644,Right,1.0,3.0,2.0,Medium/ High,Normal,Yes,RCB,3.0,"Jan 1, 2012",,2021,6'1,181lbs,51+2,51+2,51+2,50+2,50+2,50+2,50+2,50+2,53+2,53+2,53+2,54+2,59+2,59+2,59+2,54+2,67+2,72+2,72+2,72+2,67+2,69+2,76+2,76+2,76+2,69+2,41.0,31.0,80.0,70.0,33.0,54.0,31.0,30.0,61.0,67.0,55.0,53.0,55.0,77.0,65.0,48.0,75.0,68.0,78.0,23.0,79.0,78.0,21.0,45.0,35.0,70.0,77.0,78.0,77.0,14.0,12.0,7.0,14.0,12.0,€16.2M
8,Bournemouth,1444,190885,A. Smith,27,https://cdn.sofifa.org/players/4/19/190885.png,England,https://cdn.sofifa.org/flags/14.png,76,76,https://cdn.sofifa.org/teams/2/light/1943.png,€6.5M,€51K,1943,Right,1.0,3.0,3.0,High/ Medium,Lean,Yes,RB,15.0,"Jan 28, 2014",,2021,5'11,172lbs,65+2,65+2,65+2,70+2,69+2,69+2,69+2,70+2,70+2,70+2,70+2,71+2,71+2,71+2,71+2,71+2,75+2,72+2,72+2,72+2,75+2,75+2,71+2,71+2,71+2,75+2,74.0,43.0,64.0,74.0,43.0,76.0,64.0,66.0,63.0,74.0,77.0,80.0,72.0,74.0,69.0,72.0,49.0,76.0,65.0,68.0,66.0,74.0,68.0,69.0,48.0,72.0,74.0,78.0,76.0,8.0,9.0,15.0,9.0,6.0,€12.4M
9,Bournemouth,1568,220414,Diego Rico,25,https://cdn.sofifa.org/players/4/19/220414.png,Spain,https://cdn.sofifa.org/flags/45.png,76,80,https://cdn.sofifa.org/teams/2/light/1943.png,€8M,€49K,1965,Left,1.0,2.0,3.0,Medium/ Medium,Normal,Yes,LB,21.0,"Jul 24, 2018",,2022,6'0,168lbs,64+2,64+2,64+2,65+2,65+2,65+2,65+2,65+2,65+2,65+2,65+2,67+2,68+2,68+2,68+2,67+2,74+2,71+2,71+2,71+2,74+2,74+2,72+2,72+2,72+2,74+2,77.0,38.0,74.0,76.0,53.0,66.0,71.0,69.0,57.0,68.0,67.0,75.0,64.0,71.0,70.0,82.0,72.0,88.0,74.0,72.0,70.0,78.0,59.0,63.0,43.0,64.0,60.0,77.0,76.0,10.0,9.0,15.0,11.0,10.0,€15.8M
0,Bournemouth,595,213991,J. Lerma,23,https://cdn.sofifa.org/players/4/19/213991.png,Colombia,https://cdn.sofifa.org/flags/56.png,79,84,https://cdn.sofifa.org/teams/2/light/1943.png,€14.5M,€55K,2096,Right,1.0,4.0,3.0,Medium/ High,Lean,Yes,RCM,8.0,"Aug 7, 2018",,2023,5'10,154lbs,68+2,68+2,68+2,69+2,69+2,69+2,69+2,69+2,70+2,70+2,70+2,71+2,74+2,74+2,74+2,71+2,77+2,78+2,78+2,78+2,77+2,77+2,77+2,77+2,77+2,77+2,66.0,56.0,65.0,78.0,56.0,69.0,66.0,65.0,74.0,77.0,74.0,76.0,75.0,72.0,76.0,82.0,84.0,90.0,76.0,75.0,83.0,80.0,58.0,68.0,58.0,63.0,78.0,81.0,81.0,16.0,14.0,11.0,7.0,9.0,€28.6M
5,Bournemouth,938,224294,L. Cook,21,https://cdn.sofifa.org/players/4/19/224294.png,England,https://cdn.sofifa.org/flags/14.png,77,84,https://cdn.sofifa.org/teams/2/light/1943.png,€12.5M,€44K,2006,Right,1.0,4.0,3.0,Medium/ Medium,Normal,Yes,CM,16.0,"Jul 8, 2016",,2022,5'9,157lbs,66+2,66+2,66+2,72+2,71+2,71+2,71+2,72+2,74+2,74+2,74+2,73+2,75+2,75+2,75+2,73+2,72+2,73+2,73+2,73+2,72+2,70+2,67+2,67+2,67+2,70+2,67.0,57.0,50.0,79.0,57.0,78.0,66.0,65.0,80.0,80.0,74.0,68.0,75.0,74.0,84.0,64.0,68.0,78.0,63.0,62.0,79.0,69.0,68.0,75.0,61.0,74.0,64.0,71.0,69.0,6.0,15.0,12.0,15.0,13.0,€26.3M
7,Bournemouth,1127,207807,R. Fraser,24,https://cdn.sofifa.org/players/4/19/207807.png,Scotland,https://cdn.sofifa.org/flags/42.png,77,81,https://cdn.sofifa.org/teams/2/light/1943.png,€11.5M,€52K,1902,Right,1.0,4.0,3.0,High/ Medium,Stocky,Yes,LM,11.0,"Jan 1, 2013",,2020,5'4,132lbs,66+2,66+2,66+2,76+2,73+2,73+2,73+2,76+2,75+2,75+2,75+2,75+2,69+2,69+2,69+2,75+2,64+2,59+2,59+2,59+2,64+2,61+2,50+2,50+2,50+2,61+2,74.0,70.0,30.0,73.0,43.0,81.0,70.0,67.0,60.0,75.0,90.0,87.0,94.0,72.0,96.0,60.0,60.0,72.0,42.0,69.0,65.0,45.0,72.0,74.0,60.0,68.0,45.0,53.0,42.0,15.0,14.0,15.0,7.0,10.0,€22.7M
10,Bournemouth,1583,189446,J. Stanislas,28,https://cdn.sofifa.org/players/4/19/189446.png,England,https://cdn.sofifa.org/flags/14.png,75,75,https://cdn.sofifa.org/teams/2/light/1943.png,€6.5M,€55K,1779,Right,1.0,3.0,3.0,High/ Medium,Lean,Yes,RM,19.0,"Jul 1, 2014",,2019,6'0,168lbs,68+2,68+2,68+2,73+2,72+2,72+2,72+2,73+2,73+2,73+2,73+2,73+2,69+2,69+2,69+2,73+2,60+2,56+2,56+2,56+2,60+2,55+2,44+2,44+2,44+2,55+2,72.0,71.0,43.0,74.0,51.0,75.0,74.0,77.0,67.0,77.0,76.0,76.0,75.0,69.0,63.0,71.0,44.0,72.0,55.0,69.0,36.0,60.0,73.0,74.0,61.0,67.0,28.0,27.0,29.0,13.0,8.0,6.0,7.0,6.0,€12.4M
13,Bournemouth,2009,172768,A. Surman,31,https://cdn.sofifa.org/players/4/19/172768.png,England,https://cdn.sofifa.org/flags/14.png,75,75,https://cdn.sofifa.org/teams/2/light/1943.png,€5.5M,€53K,1938,Left,1.0,4.0,3.0,Medium/ Medium,Normal,Yes,LCM,6.0,"Sep 1, 2014",,2019,5'10,161lbs,66+2,66+2,66+2,68+2,69+2,69+2,69+2,68+2,72+2,72+2,72+2,70+2,74+2,74+2,74+2,70+2,68+2,71+2,71+2,71+2,68+2,67+2,66+2,66+2,66+2,67+2,68.0,63.0,59.0,82.0,55.0,67.0,61.0,68.0,77.0,77.0,59.0,53.0,59.0,75.0,72.0,68.0,70.0,72.0,65.0,67.0,68.0,66.0,66.0,78.0,67.0,76.0,66.0,68.0,61.0,16.0,14.0,7.0,16.0,8.0,€10.5M
2,Bournemouth,653,196978,C. Wilson,26,https://cdn.sofifa.org/players/4/19/196978.png,England,https://cdn.sofifa.org/flags/14.png,79,81,https://cdn.sofifa.org/teams/2/light/1943.png,€15.5M,€77K,1902,Right,1.0,3.0,4.0,High/ Medium,Normal,Yes,ST,13.0,"Jul 4, 2014",,2022,5'11,146lbs,77+2,77+2,77+2,75+2,77+2,77+2,77+2,75+2,74+2,74+2,74+2,73+2,68+2,68+2,68+2,73+2,57+2,56+2,56+2,56+2,57+2,55+2,52+2,52+2,52+2,55+2,52.0,83.0,73.0,71.0,69.0,74.0,63.0,45.0,60.0,77.0,87.0,89.0,74.0,74.0,74.0,76.0,65.0,72.0,75.0,66.0,73.0,40.0,82.0,71.0,75.0,78.0,29.0,39.0,25.0,10.0,15.0,8.0,10.0,6.0,€30.6M
