,Club,Unnamed: 0,ID,Name,Age,Photo,Nationality,Flag,Overall,Potential,Club Logo,Value,Wage,Special,Preferred Foot,International Reputation,Weak Foot,Skill Moves,Work Rate,Body Type,Real Face,Position,Jersey Number,Joined,Loaned From,Contract Valid Until,Height,Weight,LS,ST,RS,LW,LF,CF,RF,RW,LAM,CAM,RAM,LM,LCM,CM,RCM,RM,LWB,LDM,CDM,RDM,RWB,LB,LCB,CB,RCB,RB,Crossing,Finishing,HeadingAccuracy,ShortPassing,Volleys,Dribbling,Curve,FKAccuracy,LongPassing,BallControl,Acceleration,SprintSpeed,Agility,Reactions,Balance,ShotPower,Jumping,Stamina,Strength,LongShots,Aggression,Interceptions,Positioning,Vision,Penalties,Composure,Marking,StandingTackle,SlidingTackle,GKDiving,GKHandling,GKKicking,GKPositioning,GKReflexes,Release Clause
5,Manchester City,57,210257,Ederson,24,https://cdn.sofifa.org/players/4/19/210257.png,Brazil,https://cdn.sofifa.org/flags/54.png,86,90,https://cdn.sofifa.org/teams/2/light/10.png,€41.5M,€125K,1463,Left,2.0,3.0,1.0,Medium/ Medium,Normal,Yes,GK,31.0,"Jul 1, 2017",,2025,6'2,190lbs,,,,,,,,,,,,,,,,,,,,,,,,,,,20.0,14.0,14.0,56.0,18.0,23.0,15.0,20.0,58.0,37.0,64.0,63.0,60.0,86.0,48.0,42.0,58.0,41.0,68.0,18.0,35.0,25.0,20.0,67.0,17.0,70.0,28.0,15.0,8.0,85.0,80.0,91.0,82.0,87.0,€79.9M
9,Manchester City,89,192366,N. Otamendi,30,https://cdn.sofifa.org/players/4/19/192366.png,Argentina,https://cdn.sofifa.org/flags/52.png,85,85,https://cdn.sofifa.org/teams/2/light/10.png,€28.5M,€170K,1916,Right,3.0,3.0,2.0,High/ High,Normal,Yes,CB,30.0,"Aug 20, 2015",,2022,6'0,179lbs,64+3,64+3,64+3,59+3,61+3,61+3,61+3,59+3,62+3,62+3,62+3,61+3,67+3,67+3,67+3,61+3,72+3,77+3,77+3,77+3,72+3,74+3,82+3,82+3,82+3,74+3,52.0,54.0,85.0,75.0,57.0,51.0,50.0,39.0,72.0,70.0,57.0,61.0,64.0,79.0,62.0,69.0,92.0,67.0,80.0,56.0,91.0,84.0,51.0,53.0,45.0,80.0,83.0,85.0,84.0,12.0,5.0,8.0,11.0,12.0,€52.7M
10,Manchester City,107,139720,V. Kompany,32,https://cdn.sofifa.org/players/4/19/139720.png,Belgium,https://cdn.sofifa.org/flags/7.png,85,85,https://cdn.sofifa.org/teams/2/light/10.png,€22M,€170K,1898,Right,4.0,3.0,2.0,Medium/ High,Normal,Yes,CB,4.0,"Aug 22, 2008",,2019,6'3,187lbs,63+3,63+3,63+3,60+3,61+3,61+3,61+3,60+3,62+3,62+3,62+3,62+3,67+3,67+3,67+3,62+3,73+3,77+3,77+3,77+3,73+3,75+3,83+3,83+3,83+3,75+3,61.0,45.0,84.0,73.0,46.0,63.0,61.0,52.0,66.0,70.0,52.0,59.0,57.0,87.0,41.0,75.0,72.0,66.0,87.0,55.0,87.0,82.0,41.0,59.0,63.0,81.0,87.0,85.0,84.0,10.0,9.0,5.0,8.0,6.0,€40.7M
11,Manchester City,113,212218,A. Laporte,24,https://cdn.sofifa.org/players/4/19/212218.png,France,https://cdn.sofifa.org/flags/18.png,84,88,https://cdn.sofifa.org/teams/2/light/10.png,€34M,€135K,1912,Left,2.0,3.0,2.0,Medium/ Medium,Normal,Yes,LCB,14.0,"Jan 30, 2018",,2023,6'2,187lbs,64+2,64+2,64+2,61+2,63+2,63+2,63+2,61+2,63+2,63+2,63+2,64+2,70+2,70+2,70+2,64+2,75+2,79+2,79+2,79+2,75+2,77+2,82+2,82+2,82+2,77+2,58.0,45.0,85.0,76.0,40.0,59.0,61.0,69.0,78.0,73.0,62.0,66.0,45.0,83.0,55.0,68.0,75.0,67.0,82.0,47.0,75.0,85.0,54.0,57.0,44.0,77.0,85.0,86.0,87.0,10.0,11.0,5.0,14.0,5.0,€65.5M
12,Manchester City,135,188377,K. Walker,28,https://cdn.sofifa.org/players/4/19/188377.png,England,https://cdn.sofifa.org/flags/14.png,84,84,https://cdn.sofifa.org/teams/2/light/10.png,€24.5M,€165K,2175,Right,3.0,2.0,2.0,High/ High,Normal,Yes,RB,2.0,"Jul 14, 2017",,2022,6'0,154lbs,72+3,72+3,72+3,75+3,74+3,74+3,74+3,75+3,73+3,73+3,73+3,77+3,75+3,75+3,75+3,77+3,82+3,78+3,78+3,78+3,82+3,82+3,79+3,79+3,79+3,82+3,81.0,51.0,74.0,78.0,57.0,79.0,76.0,71.0,67.0,78.0,86.0,93.0,67.0,83.0,72.0,86.0,83.0,89.0,75.0,69.0,78.0,81.0,67.0,69.0,63.0,75.0,78.0,84.0,83.0,12.0,6.0,16.0,15.0,8.0,€45.3M
0,Manchester City,4,192985,K. De Bruyne,27,https://cdn.sofifa.org/players/4/19/192985.png,Belgium,https://cdn.sofifa.org/flags/7.png,91,92,https://cdn.sofifa.org/teams/2/light/10.png,€102M,€355K,2281,Right,4.0,5.0,4.0,High/ High,Normal,Yes,RCM,7.0,"Aug 30, 2015",,2023,5'11,154lbs,82+3,82+3,82+3,87+3,87+3,87+3,87+3,87+3,88+3,88+3,88+3,88+3,87+3,87+3,87+3,88+3,77+3,77+3,77+3,77+3,77+3,73+3,66+3,66+3,66+3,73+3,93.0,82.0,55.0,92.0,82.0,86.0,85.0,83.0,91.0,91.0,78.0,76.0,79.0,91.0,77.0,91.0,63.0,90.0,75.0,91.0,76.0,61.0,87.0,94.0,79.0,88.0,68.0,58.0,51.0,15.0,13.0,5.0,10.0,13.0,€196.4M
1,Manchester City,13,168542,David Silva,32,https://cdn.sofifa.org/players/4/19/168542.png,Spain,https://cdn.sofifa.org/flags/45.png,90,90,https://cdn.sofifa.org/teams/2/light/10.png,€60M,€285K,2115,Left,4.0,2.0,4.0,High/ Medium,Normal,Yes,LCM,21.0,"Jul 14, 2010",,2020,5'8,148lbs,77+3,77+3,77+3,85+3,84+3,84+3,84+3,85+3,87+3,87+3,87+3,85+3,85+3,85+3,85+3,85+3,69+3,70+3,70+3,70+3,69+3,64+3,57+3,57+3,57+3,64+3,84.0,76.0,54.0,93.0,82.0,89.0,82.0,77.0,87.0,94.0,70.0,64.0,92.0,90.0,90.0,72.0,64.0,78.0,52.0,75.0,57.0,50.0,89.0,92.0,75.0,93.0,59.0,53.0,29.0,6.0,15.0,7.0,6.0,12.0,€111M
7,Manchester City,75,135507,Fernandinho,33,https://cdn.sofifa.org/players/4/19/135507.png,Brazil,https://cdn.sofifa.org/flags/54.png,86,86,https://cdn.sofifa.org/teams/2/light/10.png,€18M,€185K,2183,Right,3.0,4.0,3.0,Medium/ High,Lean,Yes,CDM,25.0,"Jul 1, 2013",,2020,5'10,148lbs,74+3,74+3,74+3,75+3,76+3,76+3,76+3,75+3,77+3,77+3,77+3,76+3,80+3,80+3,80+3,76+3,79+3,83+3,83+3,83+3,79+3,79+3,81+3,81+3,81+3,79+3,68.0,69.0,63.0,85.0,74.0,77.0,70.0,72.0,81.0,82.0,68.0,67.0,72.0,86.0,78.0,83.0,76.0,79.0,76.0,78.0,87.0,88.0,70.0,75.0,61.0,79.0,85.0,85.0,80.0,12.0,11.0,5.0,13.0,7.0,€33.3M
13,Manchester City,136,186942,I. Gündoğan,27,https://cdn.sofifa.org/players/4/19/186942.png,Germany,https://cdn.sofifa.org/flags/21.png,84,84,https://cdn.sofifa.org/teams/2/light/10.png,€32M,€175K,2138,Right,3.0,4.0,4.0,High/ Medium,Normal,Yes,CM,21.0,"Jul 1, 2016",,2020,5'11,176lbs,75+3,75+3,75+3,79+3,80+3,80+3,80+3,79+3,82+3,82+3,82+3,80+3,82+3,82+3,82+3,80+3,75+3,77+3,77+3,77+3,75+3,72+3,70+3,70+3,70+3,72+3,74.0,73.0,50.0,88.0,75.0,85.0,81.0,74.0,83.0,86.0,67.0,68.0,78.0,85.0,78.0,77.0,61.0,69.0,72.0,73.0,70.0,77.0,79.0,86.0,76.0,87.0,73.0,68.0,64.0,11.0,14.0,5.0,5.0,13.0,€59.2M
21,Manchester City,2903,237692,P. Foden,18,https://cdn.sofifa.org/players/4/19/237692.png,England,https://cdn.sofifa.org/flags/14.png,73,88,https://cdn.sofifa.org/teams/2/light/10.png,€8M,€36K,1835,Left,1.0,3.0,3.0,Medium/ Medium,Lean,Yes,CAM,47.0,"Jul 1, 2016",,2024,5'7,130lbs,65+2,65+2,65+2,71+2,70+2,70+2,70+2,71+2,72+2,72+2,72+2,71+2,70+2,70+2,70+2,71+2,64+2,64+2,64+2,64+2,64+2,62+2,56+2,56+2,56+2,62+2,64.0,61.0,47.0,76.0,43.0,73.0,68.0,53.0,70.0,76.0,78.0,71.0,86.0,68.0,86.0,70.0,50.0,70.0,45.0,61.0,62.0,58.0,68.0,74.0,44.0,73.0,56.0,58.0,47.0,8.0,15.0,6.0,10.0,13.0,€19.8M
2,Manchester City,23,153079,S. Agüero,30,https://cdn.sofifa.org/players/4/19/153079.png,Argentina,https://cdn.sofifa.org/flags/52.png,89,89,https://cdn.sofifa.org/teams/2/light/10.png,€64.5M,€300K,2107,Right,4.0,4.0,4.0,High/ Medium,Stocky,Yes,ST,10.0,"Jul 28, 2011",,2021,5'8,154lbs,86+3,86+3,86+3,86+3,87+3,87+3,87+3,86+3,85+3,85+3,85+3,83+3,76+3,76+3,76+3,83+3,58+3,56+3,56+3,56+3,58+3,53+3,47+3,47+3,47+3,53+3,70.0,93.0,77.0,81.0,85.0,89.0,82.0,73.0,64.0,89.0,88.0,80.0,86.0,90.0,91.0,88.0,81.0,76.0,73.0,83.0,65.0,24.0,92.0,83.0,83.0,90.0,30.0,20.0,12.0,13.0,15.0,6.0,11.0,14.0,€119.3M
