,Club,Unnamed: 0,ID,Name,Age,Photo,Nationality,Flag,Overall,Potential,Club Logo,Value,Wage,Special,Preferred Foot,International Reputation,Weak Foot,Skill Moves,Work Rate,Body Type,Real Face,Position,Jersey Number,Joined,Loaned From,Contract Valid Until,Height,Weight,LS,ST,RS,LW,LF,CF,RF,RW,LAM,CAM,RAM,LM,LCM,CM,RCM,RM,LWB,LDM,CDM,RDM,RWB,LB,LCB,CB,RCB,RB,Crossing,Finishing,HeadingAccuracy,ShortPassing,Volleys,Dribbling,Curve,FKAccuracy,LongPassing,BallControl,Acceleration,SprintSpeed,Agility,Reactions,Balance,ShotPower,Jumping,Stamina,Strength,LongShots,Aggression,Interceptions,Positioning,Vision,Penalties,Composure,Marking,StandingTackle,SlidingTackle,GKDiving,GKHandling,GKKicking,GKPositioning,GKReflexes,Release Clause
8,Southampton,1058,189324,A. McCarthy,28,https://cdn.sofifa.org/players/4/19/189324.png,England,https://cdn.sofifa.org/flags/14.png,77,78,https://cdn.sofifa.org/teams/2/light/17.png,€7M,€37K,1230,Right,1.0,2.0,1.0,Medium/ Medium,Lean,Yes,GK,1.0,"Aug 2, 2016",,2019,6'4,174lbs,,,,,,,,,,,,,,,,,,,,,,,,,,,11.0,17.0,16.0,33.0,12.0,17.0,15.0,18.0,35.0,17.0,58.0,56.0,35.0,69.0,43.0,20.0,68.0,35.0,63.0,14.0,35.0,22.0,16.0,50.0,41.0,61.0,13.0,13.0,12.0,78.0,76.0,64.0,77.0,81.0,€13.8M
0,Southampton,467,202849,J. Vestergaard,25,https://cdn.sofifa.org/players/4/19/202849.png,Denmark,https://cdn.sofifa.org/flags/13.png,80,81,https://cdn.sofifa.org/teams/2/light/17.png,€14.5M,€51K,1700,Right,2.0,4.0,2.0,Medium/ Medium,Normal,No,CB,3.0,"Jul 13, 2018",,2022,6'6,216lbs,57+2,57+2,57+2,48+2,53+2,53+2,53+2,48+2,53+2,53+2,53+2,52+2,63+2,63+2,63+2,52+2,64+2,74+2,74+2,74+2,64+2,67+2,78+2,78+2,78+2,67+2,46.0,34.0,87.0,67.0,28.0,44.0,41.0,52.0,80.0,54.0,35.0,38.0,29.0,78.0,28.0,83.0,33.0,54.0,94.0,47.0,84.0,83.0,46.0,60.0,75.0,77.0,77.0,83.0,77.0,16.0,11.0,11.0,15.0,10.0,€28.6M
2,Southampton,706,169705,R. Bertrand,28,https://cdn.sofifa.org/players/4/19/169705.png,England,https://cdn.sofifa.org/flags/14.png,79,79,https://cdn.sofifa.org/teams/2/light/17.png,€10M,€53K,2004,Left,2.0,3.0,3.0,High/ Medium,Normal,Yes,LB,21.0,"Feb 2, 2015",,2021,5'10,187lbs,65+2,65+2,65+2,70+2,68+2,68+2,68+2,70+2,68+2,68+2,68+2,72+2,70+2,70+2,70+2,72+2,78+2,75+2,75+2,75+2,78+2,77+2,75+2,75+2,75+2,77+2,82.0,50.0,68.0,76.0,43.0,77.0,74.0,66.0,70.0,78.0,78.0,76.0,73.0,76.0,69.0,59.0,70.0,78.0,70.0,54.0,73.0,77.0,63.0,51.0,52.0,76.0,76.0,81.0,80.0,11.0,13.0,15.0,10.0,15.0,€19M
9,Southampton,1083,201118,Cédric,26,https://cdn.sofifa.org/players/4/19/201118.png,Portugal,https://cdn.sofifa.org/flags/38.png,77,78,https://cdn.sofifa.org/teams/2/light/17.png,€8.5M,€43K,2074,Right,2.0,4.0,3.0,High/ Medium,Normal,Yes,RB,21.0,"Jun 18, 2015",,2020,5'8,148lbs,70+2,70+2,70+2,72+2,72+2,72+2,72+2,72+2,72+2,72+2,72+2,73+2,73+2,73+2,73+2,73+2,75+2,74+2,74+2,74+2,75+2,75+2,72+2,72+2,72+2,75+2,70.0,57.0,65.0,75.0,68.0,75.0,66.0,64.0,69.0,76.0,79.0,78.0,74.0,76.0,83.0,76.0,72.0,86.0,62.0,74.0,75.0,74.0,71.0,65.0,60.0,69.0,68.0,80.0,76.0,11.0,14.0,12.0,12.0,11.0,€16.8M
13,Southampton,1494,216774,W. Hoedt,24,https://cdn.sofifa.org/players/4/19/216774.png,Netherlands,https://cdn.sofifa.org/flags/34.png,76,80,https://cdn.sofifa.org/teams/2/light/17.png,€8.5M,€34K,1709,Left,2.0,3.0,2.0,Medium/ High,Lean,Yes,LCB,6.0,"Aug 24, 2017",,2022,6'2,170lbs,55+2,55+2,55+2,53+2,55+2,55+2,55+2,53+2,57+2,57+2,57+2,56+2,64+2,64+2,64+2,56+2,65+2,71+2,71+2,71+2,65+2,67+2,74+2,74+2,74+2,67+2,40.0,30.0,78.0,68.0,55.0,58.0,31.0,36.0,74.0,62.0,59.0,60.0,38.0,74.0,36.0,72.0,74.0,65.0,77.0,59.0,79.0,75.0,29.0,62.0,37.0,63.0,72.0,78.0,74.0,15.0,10.0,13.0,8.0,11.0,€16.8M
1,Southampton,623,203362,M. Elyounoussi,23,https://cdn.sofifa.org/players/4/19/203362.png,Norway,https://cdn.sofifa.org/flags/36.png,79,85,https://cdn.sofifa.org/teams/2/light/17.png,€17.5M,€48K,1972,Right,1.0,4.0,4.0,High/ Medium,Normal,No,LM,13.0,"Jun 29, 2018",,2023,5'10,154lbs,73+2,73+2,73+2,76+2,75+2,75+2,75+2,76+2,76+2,76+2,76+2,77+2,72+2,72+2,72+2,77+2,63+2,59+2,59+2,59+2,63+2,60+2,50+2,50+2,50+2,60+2,75.0,72.0,64.0,82.0,74.0,80.0,73.0,64.0,75.0,78.0,87.0,78.0,84.0,72.0,82.0,76.0,81.0,88.0,62.0,70.0,49.0,36.0,71.0,73.0,64.0,72.0,40.0,31.0,44.0,12.0,7.0,8.0,7.0,13.0,€36.8M
3,Southampton,793,212811,M. Lemina,24,https://cdn.sofifa.org/players/4/19/212811.png,Gabon,https://cdn.sofifa.org/flags/115.png,78,83,https://cdn.sofifa.org/teams/2/light/17.png,€13.5M,€44K,2072,Right,2.0,3.0,3.0,Medium/ Medium,Normal,Yes,LCM,18.0,"Aug 8, 2017",,2022,6'0,187lbs,71+2,71+2,71+2,74+2,74+2,74+2,74+2,74+2,75+2,75+2,75+2,75+2,76+2,76+2,76+2,75+2,74+2,74+2,74+2,74+2,74+2,73+2,71+2,71+2,71+2,73+2,72.0,55.0,68.0,82.0,68.0,81.0,72.0,68.0,77.0,82.0,76.0,77.0,71.0,73.0,74.0,83.0,46.0,75.0,73.0,78.0,70.0,72.0,68.0,74.0,68.0,70.0,70.0,73.0,66.0,12.0,9.0,15.0,8.0,16.0,€26.7M
4,Southampton,846,199576,Oriol Romeu,26,https://cdn.sofifa.org/players/4/19/199576.png,Spain,https://cdn.sofifa.org/flags/45.png,78,80,https://cdn.sofifa.org/teams/2/light/17.png,€10.5M,€46K,1787,Right,2.0,3.0,2.0,Medium/ High,Normal,Yes,CDM,14.0,"Aug 12, 2015",,2021,6'0,183lbs,55+2,55+2,55+2,55+2,58+2,58+2,58+2,55+2,61+2,61+2,61+2,59+2,68+2,68+2,68+2,59+2,68+2,76+2,76+2,76+2,68+2,69+2,76+2,76+2,76+2,69+2,37.0,25.0,67.0,80.0,35.0,59.0,49.0,53.0,71.0,72.0,53.0,48.0,54.0,72.0,59.0,60.0,65.0,75.0,82.0,43.0,88.0,80.0,48.0,65.0,54.0,72.0,77.0,79.0,74.0,12.0,14.0,10.0,11.0,16.0,€20.7M
5,Southampton,894,205569,J. Ward-Prowse,23,https://cdn.sofifa.org/players/4/19/205569.png,England,https://cdn.sofifa.org/flags/14.png,77,82,https://cdn.sofifa.org/teams/2/light/17.png,€12M,€41K,2056,Right,2.0,3.0,3.0,Medium/ Medium,Normal,Yes,RM,16.0,"Jun 1, 2011",,2022,5'8,146lbs,67+2,67+2,67+2,73+2,72+2,72+2,72+2,73+2,75+2,75+2,75+2,75+2,77+2,77+2,77+2,75+2,72+2,72+2,72+2,72+2,72+2,69+2,64+2,64+2,64+2,69+2,89.0,61.0,57.0,84.0,51.0,73.0,88.0,83.0,82.0,82.0,66.0,57.0,75.0,74.0,77.0,74.0,66.0,78.0,57.0,70.0,67.0,65.0,65.0,82.0,80.0,79.0,62.0,65.0,62.0,12.0,12.0,10.0,15.0,15.0,€23.7M
11,Southampton,1417,213648,P. Højbjerg,22,https://cdn.sofifa.org/players/4/19/213648.png,Denmark,https://cdn.sofifa.org/flags/13.png,76,81,https://cdn.sofifa.org/teams/2/light/17.png,€10M,€38K,1982,Right,2.0,4.0,3.0,Medium/ Medium,Normal,Yes,RCM,23.0,"Jul 11, 2016",,2021,6'1,185lbs,68+2,68+2,68+2,70+2,70+2,70+2,70+2,70+2,72+2,72+2,72+2,71+2,74+2,74+2,74+2,71+2,71+2,74+2,74+2,74+2,71+2,70+2,71+2,71+2,71+2,70+2,66.0,58.0,63.0,79.0,60.0,75.0,69.0,70.0,74.0,79.0,59.0,64.0,68.0,75.0,65.0,78.0,63.0,74.0,75.0,69.0,78.0,74.0,64.0,74.0,51.0,69.0,70.0,74.0,64.0,9.0,7.0,12.0,11.0,11.0,€19.8M
6,Southampton,925,198683,M. Gabbiadini,26,https://cdn.sofifa.org/players/4/19/198683.png,Italy,https://cdn.sofifa.org/flags/27.png,77,78,https://cdn.sofifa.org/teams/2/light/17.png,€10.5M,€51K,1845,Left,2.0,3.0,3.0,High/ Low,Normal,Yes,ST,20.0,"Jan 31, 2017",,2021,5'11,159lbs,75+2,75+2,75+2,74+2,75+2,75+2,75+2,74+2,74+2,74+2,74+2,73+2,67+2,67+2,67+2,73+2,51+2,50+2,50+2,50+2,51+2,48+2,43+2,43+2,43+2,48+2,70.0,79.0,66.0,72.0,72.0,77.0,78.0,77.0,64.0,79.0,67.0,70.0,70.0,74.0,56.0,82.0,74.0,63.0,71.0,77.0,57.0,18.0,79.0,72.0,72.0,71.0,21.0,24.0,20.0,12.0,11.0,11.0,5.0,5.0,€20.7M
