,Club,Unnamed: 0,ID,Name,Age,Photo,Nationality,Flag,Overall,Potential,Club Logo,Value,Wage,Special,Preferred Foot,International Reputation,Weak Foot,Skill Moves,Work Rate,Body Type,Real Face,Position,Jersey Number,Joined,Loaned From,Contract Valid Until,Height,Weight,LS,ST,RS,LW,LF,CF,RF,RW,LAM,CAM,RAM,LM,LCM,CM,RCM,RM,LWB,LDM,CDM,RDM,RWB,LB,LCB,CB,RCB,RB,Crossing,Finishing,HeadingAccuracy,ShortPassing,Volleys,Dribbling,Curve,FKAccuracy,LongPassing,BallControl,Acceleration,SprintSpeed,Agility,Reactions,Balance,ShotPower,Jumping,Stamina,Strength,LongShots,Aggression,Interceptions,Positioning,Vision,Penalties,Composure,Marking,StandingTackle,SlidingTackle,GKDiving,GKHandling,GKKicking,GKPositioning,GKReflexes,Release Clause
0,Leicester City,149,163587,K. Schmeichel,31,https://cdn.sofifa.org/players/4/19/163587.png,Denmark,https://cdn.sofifa.org/flags/13.png,84,84,https://cdn.sofifa.org/teams/2/light/95.png,€19M,€78K,1351,Right,2.0,3.0,1.0,Medium/ Medium,Stocky,Yes,GK,1.0,"Jun 1, 2011",,2023,6'2,196lbs,,,,,,,,,,,,,,,,,,,,,,,,,,,18.0,12.0,16.0,44.0,15.0,12.0,13.0,15.0,46.0,40.0,59.0,60.0,62.0,81.0,47.0,36.0,60.0,34.0,64.0,14.0,35.0,20.0,13.0,59.0,26.0,67.0,14.0,14.0,13.0,82.0,77.0,82.0,80.0,88.0,€36.1M
2,Leicester City,259,203263,H. Maguire,25,https://cdn.sofifa.org/players/4/19/203263.png,England,https://cdn.sofifa.org/flags/14.png,82,85,https://cdn.sofifa.org/teams/2/light/95.png,€23.5M,€77K,1853,Right,1.0,3.0,2.0,High/ High,Stocky,Yes,LCB,6.0,"Jun 15, 2017",,2023,6'4,220lbs,64+2,64+2,64+2,60+2,64+2,64+2,64+2,60+2,65+2,65+2,65+2,63+2,70+2,70+2,70+2,63+2,70+2,77+2,77+2,77+2,70+2,71+2,81+2,81+2,81+2,71+2,44.0,43.0,87.0,77.0,41.0,70.0,38.0,46.0,72.0,76.0,39.0,53.0,52.0,79.0,58.0,68.0,74.0,68.0,89.0,45.0,84.0,78.0,60.0,60.0,44.0,79.0,81.0,84.0,81.0,14.0,16.0,9.0,14.0,9.0,€46.4M
3,Leicester City,341,210243,Ricardo Pereira,24,https://cdn.sofifa.org/players/4/19/210243.png,Portugal,https://cdn.sofifa.org/flags/38.png,81,85,https://cdn.sofifa.org/teams/2/light/95.png,€19M,€64K,2127,Right,3.0,4.0,3.0,High/ High,Lean,No,RB,14.0,"Jun 9, 2018",,2023,5'9,154lbs,71+3,71+3,71+3,78+3,76+3,76+3,76+3,78+3,77+3,77+3,77+3,79+3,78+3,78+3,78+3,79+3,80+3,78+3,78+3,78+3,80+3,79+3,74+3,74+3,74+3,79+3,81.0,61.0,64.0,80.0,56.0,83.0,78.0,45.0,78.0,79.0,88.0,87.0,82.0,81.0,77.0,67.0,74.0,84.0,60.0,62.0,75.0,79.0,75.0,75.0,60.0,81.0,76.0,80.0,75.0,16.0,12.0,15.0,11.0,11.0,€37.5M
7,Leicester City,742,229984,B. Chilwell,21,https://cdn.sofifa.org/players/4/19/229984.png,England,https://cdn.sofifa.org/flags/14.png,78,85,https://cdn.sofifa.org/teams/2/light/95.png,€12.5M,€43K,1976,Left,1.0,3.0,3.0,High/ High,Normal,Yes,LB,19.0,"Aug 26, 2015",,2024,5'10,170lbs,66+2,66+2,66+2,70+2,69+2,69+2,69+2,70+2,69+2,69+2,69+2,73+2,71+2,71+2,71+2,73+2,77+2,73+2,73+2,73+2,77+2,76+2,73+2,73+2,73+2,76+2,76.0,43.0,64.0,73.0,42.0,76.0,67.0,64.0,68.0,77.0,81.0,82.0,70.0,75.0,71.0,69.0,77.0,84.0,68.0,38.0,68.0,74.0,74.0,66.0,52.0,68.0,74.0,76.0,79.0,10.0,7.0,14.0,7.0,10.0,€26.3M
11,Leicester City,1666,139313,C. Fuchs,32,https://cdn.sofifa.org/players/4/19/139313.png,Austria,https://cdn.sofifa.org/flags/4.png,75,75,https://cdn.sofifa.org/teams/2/light/95.png,€3.7M,€50K,2088,Left,2.0,2.0,3.0,Medium/ Medium,Normal,Yes,LB,28.0,"Jul 1, 2015",,2019,6'2,196lbs,69+2,69+2,69+2,69+2,70+2,70+2,70+2,69+2,71+2,71+2,71+2,70+2,74+2,74+2,74+2,70+2,73+2,75+2,75+2,75+2,73+2,73+2,75+2,75+2,75+2,73+2,83.0,57.0,74.0,78.0,72.0,70.0,86.0,77.0,76.0,74.0,54.0,56.0,61.0,77.0,59.0,83.0,74.0,66.0,71.0,75.0,77.0,77.0,72.0,73.0,68.0,70.0,74.0,78.0,76.0,14.0,12.0,15.0,16.0,13.0,€7M
4,Leicester City,425,226790,W. Ndidi,21,https://cdn.sofifa.org/players/4/19/226790.png,Nigeria,https://cdn.sofifa.org/flags/133.png,80,85,https://cdn.sofifa.org/teams/2/light/95.png,€17M,€50K,2086,Right,1.0,4.0,3.0,Medium/ High,Lean,Yes,LDM,25.0,"Jan 5, 2017",,2024,6'0,163lbs,70+2,70+2,70+2,68+2,70+2,70+2,70+2,68+2,70+2,70+2,70+2,70+2,74+2,74+2,74+2,70+2,76+2,79+2,79+2,79+2,76+2,78+2,81+2,81+2,81+2,78+2,50.0,50.0,76.0,74.0,66.0,74.0,58.0,58.0,70.0,75.0,73.0,73.0,67.0,79.0,67.0,82.0,90.0,92.0,75.0,74.0,85.0,84.0,67.0,67.0,55.0,74.0,84.0,84.0,83.0,13.0,14.0,7.0,7.0,13.0,€33.6M
5,Leicester City,670,189560,Iborra,30,https://cdn.sofifa.org/players/4/19/189560.png,Spain,https://cdn.sofifa.org/flags/45.png,79,79,https://cdn.sofifa.org/teams/2/light/95.png,€9.5M,€66K,1975,Right,2.0,4.0,3.0,Medium/ Medium,Normal,Yes,CDM,21.0,"Jul 6, 2017",,2021,6'3,201lbs,72+2,72+2,72+2,67+2,71+2,71+2,71+2,67+2,72+2,72+2,72+2,68+2,77+2,77+2,77+2,68+2,69+2,78+2,78+2,78+2,69+2,69+2,77+2,77+2,77+2,69+2,53.0,69.0,79.0,83.0,66.0,70.0,66.0,70.0,81.0,81.0,39.0,35.0,51.0,75.0,31.0,81.0,64.0,66.0,84.0,65.0,75.0,78.0,77.0,77.0,73.0,76.0,79.0,79.0,74.0,14.0,11.0,6.0,15.0,8.0,€18.1M
6,Leicester City,685,184826,Adrien Silva,29,https://cdn.sofifa.org/players/4/19/184826.png,Portugal,https://cdn.sofifa.org/flags/38.png,79,79,https://cdn.sofifa.org/teams/2/light/95.png,€12M,€75K,2083,Right,3.0,4.0,3.0,Medium/ High,Normal,Yes,CM,23.0,"Jan 1, 2018",,2021,5'9,152lbs,71+3,71+3,71+3,74+3,74+3,74+3,74+3,74+3,76+3,76+3,76+3,74+3,77+3,77+3,77+3,74+3,73+3,75+3,75+3,75+3,73+3,72+3,70+3,70+3,70+3,72+3,77.0,67.0,61.0,81.0,75.0,78.0,79.0,75.0,80.0,80.0,64.0,57.0,70.0,76.0,68.0,83.0,53.0,69.0,59.0,79.0,79.0,80.0,73.0,78.0,85.0,79.0,60.0,78.0,73.0,15.0,6.0,8.0,10.0,7.0,€22.8M
8,Leicester City,922,220697,J. Maddison,21,https://cdn.sofifa.org/players/4/19/220697.png,England,https://cdn.sofifa.org/flags/14.png,77,85,https://cdn.sofifa.org/teams/2/light/95.png,€13M,€45K,1908,Right,1.0,4.0,4.0,High/ Medium,Lean,No,CAM,22.0,"Jun 20, 2018",,2023,5'9,161lbs,67+2,67+2,67+2,75+2,74+2,74+2,74+2,75+2,76+2,76+2,76+2,75+2,72+2,72+2,72+2,75+2,60+2,58+2,58+2,58+2,60+2,56+2,45+2,45+2,45+2,56+2,74.0,69.0,30.0,78.0,69.0,77.0,78.0,79.0,72.0,82.0,77.0,74.0,85.0,68.0,78.0,83.0,54.0,67.0,40.0,73.0,56.0,45.0,69.0,81.0,74.0,76.0,37.0,40.0,34.0,11.0,14.0,14.0,12.0,14.0,€27.3M
9,Leicester City,1346,183130,M. Albrighton,28,https://cdn.sofifa.org/players/4/19/183130.png,England,https://cdn.sofifa.org/flags/14.png,76,76,https://cdn.sofifa.org/teams/2/light/95.png,€8M,€60K,2005,Right,2.0,3.0,3.0,High/ High,Lean,Yes,RM,11.0,"Jul 1, 2014",,2020,5'9,163lbs,68+2,68+2,68+2,74+2,72+2,72+2,72+2,74+2,73+2,73+2,73+2,75+2,72+2,72+2,72+2,75+2,68+2,66+2,66+2,66+2,68+2,65+2,59+2,59+2,59+2,65+2,86.0,67.0,42.0,68.0,71.0,77.0,83.0,73.0,78.0,77.0,77.0,73.0,75.0,71.0,79.0,72.0,61.0,83.0,61.0,67.0,73.0,56.0,71.0,76.0,60.0,70.0,70.0,52.0,45.0,15.0,9.0,8.0,15.0,14.0,€15.2M
1,Leicester City,251,208830,J. Vardy,31,https://cdn.sofifa.org/players/4/19/208830.png,England,https://cdn.sofifa.org/flags/14.png,82,82,https://cdn.sofifa.org/teams/2/light/95.png,€20M,€96K,2082,Right,3.0,3.0,3.0,High/ High,Lean,Yes,ST,9.0,"May 1, 2012",,2022,5'10,163lbs,80+3,80+3,80+3,77+3,79+3,79+3,79+3,77+3,75+3,75+3,75+3,76+3,69+3,69+3,69+3,76+3,67+3,63+3,63+3,63+3,67+3,66+3,62+3,62+3,62+3,66+3,64.0,85.0,69.0,65.0,82.0,76.0,60.0,57.0,48.0,76.0,89.0,91.0,75.0,88.0,76.0,85.0,76.0,86.0,67.0,67.0,92.0,49.0,85.0,72.0,81.0,82.0,56.0,52.0,51.0,15.0,14.0,7.0,15.0,11.0,€38M
