,Club,Unnamed: 0,ID,Name,Age,Photo,Nationality,Flag,Overall,Potential,Club Logo,Value,Wage,Special,Preferred Foot,International Reputation,Weak Foot,Skill Moves,Work Rate,Body Type,Real Face,Position,Jersey Number,Joined,Loaned From,Contract Valid Until,Height,Weight,LS,ST,RS,LW,LF,CF,RF,RW,LAM,CAM,RAM,LM,LCM,CM,RCM,RM,LWB,LDM,CDM,RDM,RWB,LB,LCB,CB,RCB,RB,Crossing,Finishing,HeadingAccuracy,ShortPassing,Volleys,Dribbling,Curve,FKAccuracy,LongPassing,BallControl,Acceleration,SprintSpeed,Agility,Reactions,Balance,ShotPower,Jumping,Stamina,Strength,LongShots,Aggression,Interceptions,Positioning,Vision,Penalties,Composure,Marking,StandingTackle,SlidingTackle,GKDiving,GKHandling,GKKicking,GKPositioning,GKReflexes,Release Clause
3,West Ham United,400,164835,L. Fabiański,33,https://cdn.sofifa.org/players/4/19/164835.png,Poland,https://cdn.sofifa.org/flags/37.png,81,81,https://cdn.sofifa.org/teams/2/light/19.png,€9M,€70K,1212,Right,2.0,2.0,1.0,Medium/ Medium,Normal,Yes,GK,22.0,"Jun 20, 2018",,2021,6'3,183lbs,,,,,,,,,,,,,,,,,,,,,,,,,,,14.0,13.0,11.0,20.0,17.0,14.0,18.0,12.0,32.0,22.0,50.0,47.0,52.0,71.0,44.0,14.0,68.0,25.0,65.0,20.0,43.0,16.0,15.0,52.0,22.0,63.0,14.0,12.0,13.0,79.0,83.0,70.0,80.0,84.0,€17.1M
4,West Ham United,422,228229,F. Balbuena,26,https://cdn.sofifa.org/players/4/19/228229.png,Paraguay,https://cdn.sofifa.org/flags/58.png,80,83,https://cdn.sofifa.org/teams/2/light/19.png,€15.5M,€80K,1667,Right,1.0,3.0,2.0,Medium/ Medium,Normal,No,RCB,4.0,"Jul 14, 2018",,2021,6'2,187lbs,54+2,54+2,54+2,48+2,51+2,51+2,51+2,48+2,51+2,51+2,51+2,52+2,58+2,58+2,58+2,52+2,67+2,72+2,72+2,72+2,67+2,70+2,78+2,78+2,78+2,70+2,33.0,31.0,82.0,71.0,24.0,47.0,30.0,34.0,56.0,56.0,56.0,65.0,42.0,77.0,42.0,71.0,73.0,76.0,84.0,34.0,82.0,80.0,27.0,45.0,48.0,74.0,82.0,82.0,76.0,9.0,13.0,15.0,9.0,15.0,€30.6M
9,West Ham United,946,183855,A. Ogbonna,30,https://cdn.sofifa.org/players/4/19/183855.png,Italy,https://cdn.sofifa.org/flags/27.png,77,77,https://cdn.sofifa.org/teams/2/light/19.png,€6.5M,€65K,1693,Left,2.0,3.0,2.0,Medium/ Medium,Normal,Yes,CB,21.0,"Jul 10, 2015",,2022,6'3,190lbs,54+2,54+2,54+2,53+2,53+2,53+2,53+2,53+2,55+2,55+2,55+2,56+2,61+2,61+2,61+2,56+2,68+2,71+2,71+2,71+2,68+2,70+2,76+2,76+2,76+2,70+2,51.0,25.0,77.0,68.0,30.0,61.0,51.0,36.0,67.0,59.0,59.0,64.0,57.0,70.0,54.0,68.0,74.0,64.0,80.0,46.0,72.0,80.0,33.0,50.0,39.0,69.0,76.0,81.0,80.0,5.0,3.0,5.0,4.0,4.0,€12.4M
13,West Ham United,1082,176285,W. Reid,29,https://cdn.sofifa.org/players/4/19/176285.png,New Zealand,https://cdn.sofifa.org/flags/198.png,77,77,https://cdn.sofifa.org/teams/2/light/19.png,€7M,€68K,1693,Right,2.0,3.0,2.0,Low/ High,Normal,Yes,CB,2.0,"Aug 1, 2010",,2023,6'3,192lbs,58+2,58+2,58+2,50+2,53+2,53+2,53+2,50+2,52+2,52+2,52+2,51+2,57+2,57+2,57+2,51+2,63+2,68+2,68+2,68+2,63+2,67+2,75+2,75+2,75+2,67+2,28.0,46.0,79.0,60.0,30.0,43.0,33.0,38.0,59.0,55.0,55.0,65.0,54.0,77.0,40.0,70.0,72.0,64.0,81.0,53.0,83.0,78.0,42.0,44.0,55.0,67.0,75.0,77.0,78.0,13.0,15.0,9.0,10.0,12.0,€13.3M
14,West Ham United,1152,231633,I. Diop,21,https://cdn.sofifa.org/players/4/19/231633.png,France,https://cdn.sofifa.org/flags/18.png,77,86,https://cdn.sofifa.org/teams/2/light/19.png,€12M,€46K,1638,Right,2.0,3.0,2.0,Medium/ Medium,Lean,No,LCB,23.0,"Jun 20, 2018",,2023,6'4,203lbs,52+2,52+2,52+2,49+2,50+2,50+2,50+2,49+2,50+2,50+2,50+2,52+2,56+2,56+2,56+2,52+2,66+2,69+2,69+2,69+2,66+2,69+2,75+2,75+2,75+2,69+2,37.0,30.0,74.0,64.0,48.0,43.0,32.0,34.0,59.0,60.0,64.0,68.0,46.0,68.0,48.0,50.0,73.0,69.0,83.0,31.0,77.0,78.0,38.0,40.0,44.0,72.0,76.0,78.0,80.0,10.0,7.0,6.0,14.0,9.0,€25.2M
0,West Ham United,185,201995,Felipe Anderson,25,https://cdn.sofifa.org/players/4/19/201995.png,Brazil,https://cdn.sofifa.org/flags/54.png,83,85,https://cdn.sofifa.org/teams/2/light/19.png,€31.5M,€110K,2042,Right,3.0,4.0,4.0,High/ Medium,Normal,No,LM,8.0,"Jul 15, 2018",,2022,5'9,154lbs,74+3,74+3,74+3,82+3,80+3,80+3,80+3,82+3,81+3,81+3,81+3,81+3,77+3,77+3,77+3,81+3,72+3,69+3,69+3,69+3,72+3,69+3,59+3,59+3,59+3,69+3,79.0,71.0,44.0,80.0,68.0,90.0,71.0,69.0,74.0,88.0,93.0,89.0,89.0,74.0,88.0,83.0,38.0,72.0,53.0,84.0,67.0,69.0,73.0,79.0,53.0,82.0,47.0,60.0,54.0,12.0,10.0,9.0,5.0,7.0,€62.2M
2,West Ham United,380,188988,M. Lanzini,25,https://cdn.sofifa.org/players/4/19/188988.png,Argentina,https://cdn.sofifa.org/flags/52.png,81,85,https://cdn.sofifa.org/teams/2/light/19.png,€23M,€90K,1931,Right,2.0,3.0,4.0,Medium/ Medium,Lean,Yes,CAM,10.0,"Jul 1, 2016",,2020,5'6,130lbs,72+2,72+2,72+2,79+2,78+2,78+2,78+2,79+2,79+2,79+2,79+2,79+2,74+2,74+2,74+2,79+2,59+2,55+2,55+2,55+2,59+2,54+2,43+2,43+2,43+2,54+2,74.0,70.0,56.0,80.0,61.0,87.0,76.0,76.0,78.0,86.0,84.0,78.0,86.0,73.0,89.0,75.0,75.0,73.0,39.0,76.0,48.0,27.0,73.0,79.0,73.0,77.0,27.0,36.0,25.0,14.0,9.0,6.0,7.0,15.0,€45.4M
5,West Ham United,486,194794,A. Yarmolenko,28,https://cdn.sofifa.org/players/4/19/194794.png,Ukraine,https://cdn.sofifa.org/flags/49.png,80,80,https://cdn.sofifa.org/teams/2/light/19.png,€15M,€92K,2022,Left,3.0,2.0,4.0,High/ Medium,Lean,No,RM,20.0,"Jul 11, 2018",,2022,6'3,183lbs,78+3,78+3,78+3,79+3,79+3,79+3,79+3,79+3,79+3,79+3,79+3,78+3,74+3,74+3,74+3,78+3,62+3,62+3,62+3,62+3,62+3,58+3,55+3,55+3,55+3,58+3,80.0,77.0,69.0,78.0,74.0,86.0,83.0,75.0,74.0,83.0,69.0,76.0,73.0,82.0,67.0,83.0,61.0,60.0,76.0,83.0,76.0,54.0,79.0,78.0,85.0,74.0,37.0,35.0,30.0,9.0,5.0,6.0,5.0,14.0,€28.5M
6,West Ham United,671,189461,J. Wilshere,26,https://cdn.sofifa.org/players/4/19/189461.png,England,https://cdn.sofifa.org/flags/14.png,79,81,https://cdn.sofifa.org/teams/2/light/19.png,€15M,€83K,2050,Left,3.0,2.0,3.0,Medium/ Medium,Normal,Yes,CM,19.0,"Jul 9, 2018",,2021,5'8,150lbs,70+3,70+3,70+3,75+3,75+3,75+3,75+3,75+3,77+3,77+3,77+3,76+3,77+3,77+3,77+3,76+3,70+3,72+3,72+3,72+3,70+3,68+3,65+3,65+3,65+3,68+3,73.0,62.0,58.0,84.0,64.0,81.0,77.0,71.0,80.0,82.0,68.0,63.0,76.0,76.0,83.0,74.0,66.0,68.0,60.0,72.0,81.0,61.0,77.0,81.0,65.0,80.0,62.0,64.0,65.0,6.0,15.0,15.0,9.0,11.0,€29.6M
11,West Ham United,1014,182882,C. Sánchez,32,https://cdn.sofifa.org/players/4/19/182882.png,Colombia,https://cdn.sofifa.org/flags/56.png,77,77,https://cdn.sofifa.org/teams/2/light/19.png,€5M,€65K,1924,Right,2.0,3.0,3.0,Medium/ Medium,Normal,Yes,CDM,15.0,"Aug 9, 2018",,2020,6'0,181lbs,65+2,65+2,65+2,66+2,66+2,66+2,66+2,66+2,68+2,68+2,68+2,68+2,72+2,72+2,72+2,68+2,72+2,75+2,75+2,75+2,72+2,72+2,75+2,75+2,75+2,72+2,60.0,48.0,70.0,78.0,43.0,70.0,52.0,58.0,76.0,74.0,69.0,66.0,64.0,66.0,41.0,72.0,75.0,77.0,85.0,68.0,80.0,79.0,58.0,68.0,62.0,75.0,70.0,79.0,72.0,11.0,6.0,7.0,13.0,7.0,€9.5M
1,West Ham United,294,184200,M. Arnautović,29,https://cdn.sofifa.org/players/4/19/184200.png,Austria,https://cdn.sofifa.org/flags/4.png,82,82,https://cdn.sofifa.org/teams/2/light/19.png,€22M,€120K,2106,Right,3.0,4.0,4.0,High/ Medium,Normal,Yes,LS,7.0,"Jul 23, 2017",,2022,6'4,183lbs,80+3,80+3,80+3,80+3,80+3,80+3,80+3,80+3,79+3,79+3,79+3,80+3,75+3,75+3,75+3,80+3,66+3,65+3,65+3,65+3,66+3,63+3,60+3,60+3,60+3,63+3,80.0,78.0,74.0,78.0,79.0,84.0,79.0,72.0,74.0,85.0,79.0,83.0,70.0,78.0,66.0,84.0,67.0,78.0,84.0,75.0,84.0,44.0,83.0,77.0,77.0,81.0,43.0,48.0,39.0,14.0,15.0,10.0,10.0,15.0,€41.8M
