,Club,Unnamed: 0,ID,Name,Age,Photo,Nationality,Flag,Overall,Potential,Club Logo,Value,Wage,Special,Preferred Foot,International Reputation,Weak Foot,Skill Moves,Work Rate,Body Type,Real Face,Position,Jersey Number,Joined,Loaned From,Contract Valid Until,Height,Weight,LS,ST,RS,LW,LF,CF,RF,RW,LAM,CAM,RAM,LM,LCM,CM,RCM,RM,LWB,LDM,CDM,RDM,RWB,LB,LCB,CB,RCB,RB,Crossing,Finishing,HeadingAccuracy,ShortPassing,Volleys,Dribbling,Curve,FKAccuracy,LongPassing,BallControl,Acceleration,SprintSpeed,Agility,Reactions,Balance,ShotPower,Jumping,Stamina,Strength,LongShots,Aggression,Interceptions,Positioning,Vision,Penalties,Composure,Marking,StandingTackle,SlidingTackle,GKDiving,GKHandling,GKKicking,GKPositioning,GKReflexes,Release Clause
0,Manchester United,3,193080,De Gea,27,https://cdn.sofifa.org/players/4/19/193080.png,Spain,https://cdn.sofifa.org/flags/45.png,91,93,https://cdn.sofifa.org/teams/2/light/11.png,€72M,€260K,1471,Right,4.0,3.0,1.0,Medium/ Medium,Lean,Yes,GK,1.0,"Jul 1, 2011",,2020,6'4,168lbs,,,,,,,,,,,,,,,,,,,,,,,,,,,17.0,13.0,21.0,50.0,13.0,18.0,21.0,19.0,51.0,42.0,57.0,58.0,60.0,90.0,43.0,31.0,67.0,43.0,64.0,12.0,38.0,30.0,12.0,68.0,40.0,68.0,15.0,21.0,13.0,90.0,85.0,87.0,88.0,94.0,€138.6M
10,Manchester United,327,225508,E. Bailly,24,https://cdn.sofifa.org/players/4/19/225508.png,Ivory Coast,https://cdn.sofifa.org/flags/108.png,81,87,https://cdn.sofifa.org/teams/2/light/11.png,€21M,€105K,1853,Right,2.0,3.0,2.0,Medium/ High,Normal,Yes,CB,2.0,"Jul 1, 2016",,2020,6'1,170lbs,58+2,58+2,58+2,58+2,58+2,58+2,58+2,58+2,59+2,59+2,59+2,60+2,63+2,63+2,63+2,60+2,72+2,73+2,73+2,73+2,72+2,74+2,80+2,80+2,80+2,74+2,51.0,33.0,79.0,70.0,42.0,60.0,46.0,43.0,56.0,65.0,68.0,79.0,65.0,74.0,62.0,55.0,85.0,72.0,85.0,48.0,87.0,81.0,47.0,54.0,46.0,70.0,80.0,82.0,83.0,14.0,14.0,10.0,9.0,8.0,€43.1M
12,Manchester United,377,189881,C. Smalling,28,https://cdn.sofifa.org/players/4/19/189881.png,England,https://cdn.sofifa.org/flags/14.png,81,82,https://cdn.sofifa.org/teams/2/light/11.png,€16M,€130K,1799,Right,3.0,3.0,2.0,Medium/ High,Lean,Yes,RCB,12.0,"Jul 1, 2010",,2019,6'4,179lbs,59+3,59+3,59+3,57+3,57+3,57+3,57+3,57+3,57+3,57+3,57+3,59+3,61+3,61+3,61+3,59+3,70+3,72+3,72+3,72+3,70+3,72+3,79+3,79+3,79+3,72+3,52.0,54.0,82.0,63.0,49.0,59.0,49.0,22.0,63.0,58.0,61.0,74.0,55.0,75.0,45.0,42.0,76.0,71.0,87.0,35.0,83.0,81.0,48.0,49.0,52.0,67.0,81.0,82.0,80.0,10.0,15.0,16.0,15.0,15.0,€30.8M
14,Manchester United,454,205988,L. Shaw,22,https://cdn.sofifa.org/players/4/19/205988.png,England,https://cdn.sofifa.org/flags/14.png,80,85,https://cdn.sofifa.org/teams/2/light/11.png,€16.5M,€96K,2047,Left,2.0,2.0,3.0,High/ Medium,Stocky,Yes,LB,23.0,"Jun 27, 2014",,2023,5'11,165lbs,69+2,69+2,69+2,74+2,72+2,72+2,72+2,74+2,73+2,73+2,73+2,76+2,73+2,73+2,73+2,76+2,79+2,76+2,76+2,76+2,79+2,78+2,76+2,76+2,76+2,78+2,82.0,47.0,70.0,78.0,54.0,82.0,63.0,58.0,68.0,80.0,83.0,85.0,74.0,77.0,74.0,65.0,73.0,77.0,75.0,50.0,76.0,77.0,73.0,69.0,53.0,73.0,77.0,80.0,78.0,10.0,12.0,13.0,7.0,7.0,€31.8M
16,Manchester United,584,221660,V. Lindelöf,23,https://cdn.sofifa.org/players/4/19/221660.png,Sweden,https://cdn.sofifa.org/flags/46.png,79,85,https://cdn.sofifa.org/teams/2/light/11.png,€14.5M,€91K,1943,Right,2.0,3.0,3.0,Medium/ Medium,Lean,Yes,CB,3.0,"Jul 1, 2017",,2021,6'2,176lbs,61+2,61+2,61+2,64+2,63+2,63+2,63+2,64+2,66+2,66+2,66+2,67+2,70+2,70+2,70+2,67+2,74+2,76+2,76+2,76+2,74+2,75+2,77+2,77+2,77+2,75+2,64.0,36.0,76.0,79.0,34.0,66.0,64.0,66.0,73.0,75.0,68.0,77.0,66.0,75.0,63.0,68.0,75.0,75.0,77.0,57.0,78.0,79.0,44.0,67.0,55.0,76.0,77.0,80.0,77.0,12.0,16.0,8.0,7.0,9.0,€29.7M
1,Manchester United,45,195864,P. Pogba,25,https://cdn.sofifa.org/players/4/19/195864.png,France,https://cdn.sofifa.org/flags/18.png,87,91,https://cdn.sofifa.org/teams/2/light/11.png,€64M,€210K,2247,Right,4.0,4.0,5.0,High/ Low,Normal,Yes,RDM,6.0,"Aug 9, 2016",,2021,6'4,185lbs,81+3,81+3,81+3,82+3,82+3,82+3,82+3,82+3,83+3,83+3,83+3,83+3,84+3,84+3,84+3,83+3,77+3,78+3,78+3,78+3,77+3,75+3,74+3,74+3,74+3,75+3,80.0,73.0,73.0,86.0,85.0,87.0,84.0,82.0,90.0,90.0,71.0,79.0,74.0,81.0,64.0,90.0,83.0,88.0,89.0,81.0,78.0,66.0,81.0,87.0,81.0,87.0,66.0,70.0,68.0,5.0,6.0,2.0,4.0,3.0,€123.2M
5,Manchester United,132,191202,N. Matić,29,https://cdn.sofifa.org/players/4/19/191202.png,Serbia,https://cdn.sofifa.org/flags/51.png,84,84,https://cdn.sofifa.org/teams/2/light/11.png,€24M,€165K,2100,Left,3.0,3.0,3.0,Medium/ High,Lean,Yes,CDM,31.0,"Jul 31, 2017",,2020,6'4,187lbs,73+3,73+3,73+3,72+3,74+3,74+3,74+3,72+3,74+3,74+3,74+3,74+3,79+3,79+3,79+3,74+3,78+3,82+3,82+3,82+3,78+3,77+3,80+3,80+3,80+3,77+3,71.0,64.0,74.0,84.0,73.0,80.0,72.0,67.0,83.0,79.0,52.0,59.0,44.0,83.0,50.0,83.0,67.0,84.0,85.0,75.0,80.0,86.0,69.0,73.0,64.0,84.0,83.0,84.0,75.0,7.0,15.0,12.0,14.0,9.0,€44.4M
6,Manchester United,211,178088,Juan Mata,30,https://cdn.sofifa.org/players/4/19/178088.png,Spain,https://cdn.sofifa.org/flags/45.png,83,83,https://cdn.sofifa.org/teams/2/light/11.png,€24.5M,€160K,1984,Left,3.0,3.0,4.0,Medium/ Medium,Lean,Yes,RM,8.0,"Jan 25, 2014",,2019,5'7,139lbs,74+3,74+3,74+3,80+3,80+3,80+3,80+3,80+3,82+3,82+3,82+3,80+3,77+3,77+3,77+3,80+3,61+3,60+3,60+3,60+3,61+3,56+3,46+3,46+3,46+3,56+3,83.0,78.0,56.0,85.0,71.0,82.0,84.0,86.0,79.0,88.0,69.0,62.0,84.0,85.0,89.0,75.0,70.0,71.0,37.0,72.0,50.0,39.0,83.0,85.0,81.0,87.0,42.0,31.0,21.0,9.0,10.0,14.0,5.0,8.0,€45.3M
7,Manchester United,250,209297,Fred,25,https://cdn.sofifa.org/players/4/19/209297.png,Brazil,https://cdn.sofifa.org/flags/54.png,82,84,https://cdn.sofifa.org/teams/2/light/11.png,€26.5M,€140K,2180,Left,1.0,4.0,4.0,High/ High,Lean,No,CM,17.0,"Jun 21, 2018",,2023,5'7,141lbs,74+2,74+2,74+2,77+2,77+2,77+2,77+2,77+2,79+2,79+2,79+2,78+2,80+2,80+2,80+2,78+2,78+2,79+2,79+2,79+2,78+2,77+2,73+2,73+2,73+2,77+2,67.0,74.0,55.0,85.0,70.0,79.0,70.0,72.0,80.0,86.0,77.0,79.0,84.0,82.0,87.0,76.0,83.0,87.0,61.0,76.0,73.0,80.0,69.0,76.0,65.0,82.0,76.0,78.0,69.0,7.0,16.0,15.0,11.0,15.0,€51M
8,Manchester United,254,207494,J. Lingard,25,https://cdn.sofifa.org/players/4/19/207494.png,England,https://cdn.sofifa.org/flags/14.png,82,83,https://cdn.sofifa.org/teams/2/light/11.png,€26.5M,€140K,2095,Right,2.0,3.0,4.0,High/ High,Lean,Yes,CAM,7.0,"Jul 1, 2010",,2021,5'9,137lbs,78+2,78+2,78+2,81+2,81+2,81+2,81+2,81+2,81+2,81+2,81+2,80+2,76+2,76+2,76+2,80+2,70+2,67+2,67+2,67+2,70+2,67+2,60+2,60+2,60+2,67+2,74.0,78.0,64.0,78.0,70.0,83.0,80.0,63.0,66.0,83.0,84.0,82.0,86.0,83.0,86.0,80.0,63.0,87.0,53.0,80.0,73.0,53.0,86.0,82.0,65.0,84.0,65.0,50.0,44.0,14.0,10.0,8.0,13.0,9.0,€51M
2,Manchester United,47,192505,R. Lukaku,25,https://cdn.sofifa.org/players/4/19/192505.png,Belgium,https://cdn.sofifa.org/flags/7.png,87,89,https://cdn.sofifa.org/teams/2/light/11.png,€62.5M,€230K,2031,Left,3.0,3.0,3.0,Medium/ Medium,Stocky,Yes,ST,9.0,"Jul 10, 2017",,2022,6'3,207lbs,84+3,84+3,84+3,79+3,81+3,81+3,81+3,79+3,78+3,78+3,78+3,79+3,72+3,72+3,72+3,79+3,60+3,58+3,58+3,58+3,60+3,57+3,54+3,54+3,54+3,57+3,78.0,87.0,86.0,77.0,79.0,80.0,74.0,66.0,73.0,72.0,77.0,90.0,60.0,86.0,46.0,88.0,71.0,84.0,94.0,74.0,75.0,27.0,89.0,76.0,78.0,83.0,30.0,30.0,30.0,8.0,15.0,14.0,7.0,10.0,€120.3M
