,Club,Unnamed: 0,ID,Name,Age,Photo,Nationality,Flag,Overall,Potential,Club Logo,Value,Wage,Special,Preferred Foot,International Reputation,Weak Foot,Skill Moves,Work Rate,Body Type,Real Face,Position,Jersey Number,Joined,Loaned From,Contract Valid Until,Height,Weight,LS,ST,RS,LW,LF,CF,RF,RW,LAM,CAM,RAM,LM,LCM,CM,RCM,RM,LWB,LDM,CDM,RDM,RWB,LB,LCB,CB,RCB,RB,Crossing,Finishing,HeadingAccuracy,ShortPassing,Volleys,Dribbling,Curve,FKAccuracy,LongPassing,BallControl,Acceleration,SprintSpeed,Agility,Reactions,Balance,ShotPower,Jumping,Stamina,Strength,LongShots,Aggression,Interceptions,Positioning,Vision,Penalties,Composure,Marking,StandingTackle,SlidingTackle,GKDiving,GKHandling,GKKicking,GKPositioning,GKReflexes,Release Clause
11,Newcastle Jets,12544,174206,G. Moss,35,https://cdn.sofifa.org/players/4/19/174206.png,New Zealand,https://cdn.sofifa.org/flags/198.png,63,63,https://cdn.sofifa.org/teams/2/light/111398.png,€90K,€1K,1049,Right,1.0,3.0,1.0,Medium/ Medium,Normal,No,GK,1.0,"Jun 1, 2017",,2019,6'2,198lbs,,,,,,,,,,,,,,,,,,,,,,,,,,,14.0,11.0,19.0,24.0,17.0,22.0,14.0,14.0,23.0,12.0,36.0,43.0,42.0,67.0,50.0,16.0,70.0,28.0,69.0,11.0,26.0,21.0,10.0,30.0,15.0,58.0,12.0,12.0,12.0,63.0,60.0,62.0,61.0,63.0,€113K
4,Newcastle Jets,7537,181477,N. Boogaard,31,https://cdn.sofifa.org/players/4/19/181477.png,Australia,https://cdn.sofifa.org/flags/195.png,68,68,https://cdn.sofifa.org/teams/2/light/111398.png,€600K,€2K,1362,Right,1.0,2.0,2.0,Low/ Medium,Normal,No,RCB,4.0,"Jun 9, 2015",,2020,6'2,194lbs,41+2,41+2,41+2,38+2,39+2,39+2,39+2,38+2,42+2,42+2,42+2,41+2,49+2,49+2,49+2,41+2,53+2,61+2,61+2,61+2,53+2,55+2,66+2,66+2,66+2,55+2,21.0,23.0,61.0,65.0,20.0,33.0,19.0,18.0,64.0,43.0,50.0,48.0,43.0,56.0,41.0,42.0,82.0,51.0,84.0,23.0,78.0,67.0,24.0,36.0,27.0,60.0,65.0,67.0,63.0,12.0,9.0,12.0,9.0,6.0,€750K
6,Newcastle Jets,9946,180740,N. Topor-Stanley,33,https://cdn.sofifa.org/players/4/19/180740.png,Australia,https://cdn.sofifa.org/flags/195.png,65,65,https://cdn.sofifa.org/teams/2/light/111398.png,€220K,€1K,1480,Left,1.0,1.0,2.0,Low/ Medium,Normal,No,LCB,44.0,"Jun 14, 2017",,2019,6'3,198lbs,46+2,46+2,46+2,43+2,44+2,44+2,44+2,43+2,46+2,46+2,46+2,48+2,54+2,54+2,54+2,48+2,57+2,61+2,61+2,61+2,57+2,57+2,64+2,64+2,64+2,57+2,54.0,31.0,66.0,59.0,29.0,45.0,26.0,20.0,58.0,49.0,32.0,33.0,32.0,60.0,34.0,59.0,84.0,84.0,93.0,45.0,67.0,62.0,26.0,51.0,41.0,61.0,62.0,60.0,57.0,15.0,16.0,8.0,12.0,10.0,€275K
7,Newcastle Jets,10195,206399,D. Georgievski,30,https://cdn.sofifa.org/players/4/19/206399.png,FYR Macedonia,https://cdn.sofifa.org/flags/19.png,65,65,https://cdn.sofifa.org/teams/2/light/111398.png,€400K,€1K,1793,Right,1.0,3.0,2.0,High/ Medium,Normal,No,RB,17.0,"Jun 1, 2017",,2019,5'10,165lbs,60+2,60+2,60+2,61+2,61+2,61+2,61+2,61+2,61+2,61+2,61+2,62+2,61+2,61+2,61+2,62+2,64+2,64+2,64+2,64+2,64+2,64+2,65+2,65+2,65+2,64+2,60.0,54.0,56.0,63.0,31.0,61.0,62.0,44.0,59.0,62.0,72.0,72.0,65.0,66.0,68.0,62.0,69.0,78.0,73.0,62.0,86.0,64.0,58.0,55.0,45.0,62.0,63.0,64.0,57.0,14.0,9.0,12.0,11.0,16.0,€500K
9,Newcastle Jets,12255,235054,I. Vujica,21,https://cdn.sofifa.org/players/4/19/235054.png,Australia,https://cdn.sofifa.org/flags/195.png,63,71,https://cdn.sofifa.org/teams/2/light/111398.png,€475K,€1K,1596,Left,1.0,3.0,2.0,Medium/ Medium,Lean,No,LB,13.0,"Jul 3, 2016",,2019,5'11,183lbs,48+2,48+2,48+2,56+2,51+2,51+2,51+2,56+2,53+2,53+2,53+2,57+2,53+2,53+2,53+2,57+2,62+2,58+2,58+2,58+2,62+2,62+2,61+2,61+2,61+2,62+2,64.0,32.0,50.0,55.0,32.0,65.0,48.0,37.0,51.0,62.0,73.0,74.0,73.0,54.0,79.0,33.0,75.0,67.0,69.0,31.0,53.0,56.0,42.0,44.0,33.0,55.0,63.0,67.0,63.0,7.0,13.0,8.0,9.0,14.0,€689K
0,Newcastle Jets,3726,188070,R. Vargas,31,https://cdn.sofifa.org/players/4/19/188070.png,Venezuela,https://cdn.sofifa.org/flags/61.png,72,72,https://cdn.sofifa.org/teams/2/light/111398.png,€2.7M,€4K,1726,Right,2.0,4.0,4.0,Medium/ Medium,Normal,No,CAM,10.0,"Sep 15, 2017",,2019,5'9,154lbs,66+2,66+2,66+2,71+2,70+2,70+2,70+2,71+2,71+2,71+2,71+2,69+2,64+2,64+2,64+2,69+2,50+2,48+2,48+2,48+2,50+2,46+2,39+2,39+2,39+2,46+2,67.0,69.0,38.0,71.0,68.0,74.0,68.0,68.0,69.0,74.0,74.0,72.0,73.0,67.0,72.0,66.0,68.0,44.0,58.0,70.0,43.0,26.0,70.0,69.0,64.0,69.0,22.0,26.0,28.0,14.0,9.0,9.0,10.0,6.0,€3.4M
1,Newcastle Jets,4636,202208,D. Petratos,25,https://cdn.sofifa.org/players/4/19/202208.png,Australia,https://cdn.sofifa.org/flags/195.png,71,74,https://cdn.sofifa.org/teams/2/light/111398.png,€3M,€4K,1898,Right,1.0,4.0,3.0,High/ Medium,Normal,No,RM,7.0,"Jun 13, 2017",,2022,5'9,159lbs,67+2,67+2,67+2,70+2,69+2,69+2,69+2,70+2,69+2,69+2,69+2,69+2,66+2,66+2,66+2,69+2,62+2,60+2,60+2,60+2,62+2,59+2,54+2,54+2,54+2,59+2,63.0,65.0,41.0,63.0,57.0,69.0,76.0,70.0,64.0,72.0,80.0,83.0,85.0,65.0,74.0,78.0,45.0,85.0,75.0,76.0,70.0,45.0,70.0,69.0,62.0,66.0,44.0,55.0,45.0,10.0,11.0,9.0,8.0,14.0,€3.9M
2,Newcastle Jets,4724,202487,Jair,29,https://cdn.sofifa.org/players/4/19/202487.png,Brazil,https://cdn.sofifa.org/flags/54.png,71,71,https://cdn.sofifa.org/teams/2/light/111398.png,€2.3M,€4K,1830,Left,1.0,3.0,3.0,High/ Low,Normal,No,LM,8.0,"Sep 11, 2018",,2019,5'10,181lbs,69+2,69+2,69+2,70+2,70+2,70+2,70+2,70+2,69+2,69+2,69+2,69+2,65+2,65+2,65+2,69+2,58+2,55+2,55+2,55+2,58+2,55+2,49+2,49+2,49+2,55+2,67.0,73.0,63.0,65.0,65.0,71.0,65.0,69.0,62.0,70.0,77.0,73.0,81.0,70.0,68.0,67.0,61.0,76.0,68.0,64.0,50.0,63.0,74.0,64.0,65.0,65.0,22.0,35.0,24.0,10.0,14.0,14.0,13.0,7.0,€2.9M
3,Newcastle Jets,7517,232162,S. Ugarković,23,https://cdn.sofifa.org/players/4/19/232162.png,Australia,https://cdn.sofifa.org/flags/195.png,68,73,https://cdn.sofifa.org/teams/2/light/111398.png,€1M,€2K,1709,Right,1.0,3.0,3.0,Medium/ Medium,Lean,No,LDM,6.0,"Jan 8, 2016",,2021,6'2,174lbs,57+2,57+2,57+2,60+2,60+2,60+2,60+2,60+2,61+2,61+2,61+2,63+2,63+2,63+2,63+2,63+2,65+2,66+2,66+2,66+2,65+2,65+2,65+2,65+2,65+2,65+2,53.0,38.0,59.0,70.0,35.0,68.0,40.0,31.0,68.0,69.0,72.0,72.0,63.0,57.0,66.0,57.0,62.0,78.0,76.0,54.0,64.0,67.0,54.0,52.0,32.0,60.0,67.0,66.0,60.0,13.0,10.0,12.0,14.0,10.0,€1.3M
8,Newcastle Jets,12088,186884,B. Kantarovski,26,https://cdn.sofifa.org/players/4/19/186884.png,Australia,https://cdn.sofifa.org/flags/195.png,63,65,https://cdn.sofifa.org/teams/2/light/111398.png,€375K,€1K,1610,Right,1.0,3.0,2.0,Medium/ Medium,Normal,No,CDM,5.0,"Jan 11, 2008",,2020,6'0,163lbs,52+2,52+2,52+2,55+2,55+2,55+2,55+2,55+2,57+2,57+2,57+2,57+2,59+2,59+2,59+2,57+2,58+2,61+2,61+2,61+2,58+2,58+2,61+2,61+2,61+2,58+2,39.0,40.0,48.0,66.0,47.0,59.0,41.0,38.0,55.0,61.0,62.0,67.0,66.0,55.0,60.0,31.0,68.0,69.0,77.0,41.0,67.0,61.0,56.0,58.0,49.0,62.0,60.0,64.0,53.0,10.0,9.0,15.0,11.0,7.0,€497K
5,Newcastle Jets,9111,171083,R. O'Donovan,32,https://cdn.sofifa.org/players/4/19/171083.png,Republic of Ireland,https://cdn.sofifa.org/flags/25.png,66,66,https://cdn.sofifa.org/teams/2/light/111398.png,€525K,€2K,1683,Right,1.0,3.0,2.0,High/ Medium,Normal,No,ST,9.0,"Jun 1, 2017",,2019,5'10,141lbs,64+2,64+2,64+2,64+2,64+2,64+2,64+2,64+2,62+2,62+2,62+2,62+2,54+2,54+2,54+2,62+2,46+2,44+2,44+2,44+2,46+2,43+2,41+2,41+2,41+2,43+2,51.0,69.0,59.0,56.0,66.0,62.0,52.0,35.0,45.0,62.0,81.0,72.0,85.0,65.0,90.0,64.0,87.0,67.0,60.0,62.0,81.0,26.0,66.0,57.0,61.0,68.0,20.0,17.0,18.0,13.0,6.0,10.0,11.0,7.0,€656K
