,Club,Unnamed: 0,ID,Name,Age,Photo,Nationality,Flag,Overall,Potential,Club Logo,Value,Wage,Special,Preferred Foot,International Reputation,Weak Foot,Skill Moves,Work Rate,Body Type,Real Face,Position,Jersey Number,Joined,Loaned From,Contract Valid Until,Height,Weight,LS,ST,RS,LW,LF,CF,RF,RW,LAM,CAM,RAM,LM,LCM,CM,RCM,RM,LWB,LDM,CDM,RDM,RWB,LB,LCB,CB,RCB,RB,Crossing,Finishing,HeadingAccuracy,ShortPassing,Volleys,Dribbling,Curve,FKAccuracy,LongPassing,BallControl,Acceleration,SprintSpeed,Agility,Reactions,Balance,ShotPower,Jumping,Stamina,Strength,LongShots,Aggression,Interceptions,Positioning,Vision,Penalties,Composure,Marking,StandingTackle,SlidingTackle,GKDiving,GKHandling,GKKicking,GKPositioning,GKReflexes,Release Clause
2,Tottenham Hotspur,37,167948,H. Lloris,31,https://cdn.sofifa.org/players/4/19/167948.png,France,https://cdn.sofifa.org/flags/18.png,88,88,https://cdn.sofifa.org/teams/2/light/18.png,€36M,€150K,1335,Left,4.0,1.0,1.0,Medium/ Medium,Lean,Yes,GK,1.0,"Aug 1, 2012",,2022,6'2,181lbs,,,,,,,,,,,,,,,,,,,,,,,,,,,13.0,10.0,10.0,50.0,11.0,10.0,11.0,10.0,50.0,34.0,65.0,62.0,55.0,85.0,54.0,23.0,74.0,41.0,43.0,14.0,31.0,27.0,10.0,30.0,40.0,65.0,29.0,10.0,18.0,88.0,84.0,68.0,83.0,92.0,€66.6M
3,Tottenham Hotspur,51,172871,J. Vertonghen,31,https://cdn.sofifa.org/players/4/19/172871.png,Belgium,https://cdn.sofifa.org/flags/7.png,87,87,https://cdn.sofifa.org/teams/2/light/18.png,€34M,€155K,2079,Left,3.0,3.0,3.0,High/ High,Normal,Yes,LCB,5.0,"Jul 1, 2012",,2019,6'2,190lbs,69+3,69+3,69+3,68+3,69+3,69+3,69+3,68+3,70+3,70+3,70+3,70+3,74+3,74+3,74+3,70+3,79+3,81+3,81+3,81+3,79+3,80+3,84+3,84+3,84+3,80+3,68.0,56.0,80.0,79.0,52.0,71.0,58.0,73.0,74.0,76.0,61.0,65.0,61.0,84.0,60.0,80.0,85.0,75.0,79.0,66.0,84.0,89.0,60.0,68.0,66.0,83.0,90.0,87.0,88.0,6.0,10.0,9.0,12.0,7.0,€62.9M
4,Tottenham Hotspur,71,184087,T. Alderweireld,29,https://cdn.sofifa.org/players/4/19/184087.png,Belgium,https://cdn.sofifa.org/flags/7.png,86,87,https://cdn.sofifa.org/teams/2/light/18.png,€39M,€150K,2047,Right,3.0,3.0,2.0,Medium/ Medium,Normal,Yes,RCB,2.0,"Jul 8, 2015",,2020,6'1,179lbs,66+3,66+3,66+3,65+3,66+3,66+3,66+3,65+3,68+3,68+3,68+3,68+3,75+3,75+3,75+3,68+3,78+3,82+3,82+3,82+3,78+3,79+3,84+3,84+3,84+3,79+3,64.0,45.0,82.0,79.0,38.0,62.0,63.0,69.0,85.0,74.0,61.0,66.0,60.0,86.0,50.0,78.0,84.0,74.0,79.0,65.0,80.0,87.0,58.0,67.0,58.0,81.0,90.0,91.0,86.0,16.0,6.0,14.0,16.0,14.0,€75.1M
5,Tottenham Hotspur,110,220793,D. Sánchez,22,https://cdn.sofifa.org/players/4/19/220793.png,Colombia,https://cdn.sofifa.org/flags/56.png,84,88,https://cdn.sofifa.org/teams/2/light/18.png,€34M,€105K,1809,Right,2.0,3.0,2.0,Medium/ High,Normal,Yes,RCB,23.0,"Aug 26, 2017",,2024,6'2,174lbs,61+2,61+2,61+2,59+2,60+2,60+2,60+2,59+2,61+2,61+2,61+2,62+2,66+2,66+2,66+2,62+2,74+2,78+2,78+2,78+2,74+2,76+2,82+2,82+2,82+2,76+2,36.0,40.0,80.0,77.0,28.0,63.0,30.0,27.0,67.0,73.0,72.0,79.0,60.0,80.0,55.0,66.0,73.0,76.0,83.0,44.0,87.0,82.0,34.0,49.0,44.0,75.0,84.0,85.0,88.0,9.0,7.0,10.0,6.0,15.0,€65.5M
10,Tottenham Hotspur,290,186345,K. Trippier,27,https://cdn.sofifa.org/players/4/19/186345.png,England,https://cdn.sofifa.org/flags/14.png,82,82,https://cdn.sofifa.org/teams/2/light/18.png,€18.5M,€99K,2161,Right,2.0,4.0,3.0,High/ High,Normal,Yes,RB,12.0,"Jun 19, 2015",,2022,5'10,159lbs,70+2,70+2,70+2,75+2,73+2,73+2,73+2,75+2,75+2,75+2,75+2,77+2,78+2,78+2,78+2,77+2,81+2,78+2,78+2,78+2,81+2,80+2,76+2,76+2,76+2,80+2,91.0,48.0,73.0,79.0,54.0,75.0,87.0,83.0,78.0,80.0,76.0,75.0,74.0,81.0,74.0,75.0,73.0,88.0,65.0,70.0,70.0,79.0,75.0,80.0,66.0,73.0,77.0,82.0,79.0,11.0,14.0,8.0,11.0,10.0,€34.2M
1,Tottenham Hotspur,31,190460,C. Eriksen,26,https://cdn.sofifa.org/players/4/19/190460.png,Denmark,https://cdn.sofifa.org/flags/13.png,88,91,https://cdn.sofifa.org/teams/2/light/18.png,€73.5M,€205K,2117,Right,3.0,5.0,4.0,High/ Medium,Lean,Yes,CAM,10.0,"Aug 30, 2013",,2020,5'11,168lbs,79+3,79+3,79+3,84+3,84+3,84+3,84+3,84+3,86+3,86+3,86+3,85+3,85+3,85+3,85+3,85+3,71+3,71+3,71+3,71+3,71+3,66+3,57+3,57+3,57+3,66+3,88.0,80.0,52.0,91.0,77.0,84.0,86.0,87.0,88.0,91.0,75.0,73.0,79.0,88.0,81.0,84.0,50.0,92.0,58.0,89.0,46.0,56.0,83.0,91.0,67.0,88.0,59.0,57.0,22.0,9.0,14.0,7.0,7.0,6.0,€141.5M
6,Tottenham Hotspur,117,211117,D. Alli,22,https://cdn.sofifa.org/players/4/19/211117.png,England,https://cdn.sofifa.org/flags/14.png,84,90,https://cdn.sofifa.org/teams/2/light/18.png,€42.5M,€115K,2189,Right,3.0,3.0,4.0,High/ High,Lean,Yes,LCM,20.0,"Feb 2, 2015",,2024,6'2,176lbs,81+3,81+3,81+3,81+3,82+3,82+3,82+3,81+3,83+3,83+3,83+3,81+3,83+3,83+3,83+3,81+3,76+3,78+3,78+3,78+3,76+3,75+3,73+3,73+3,73+3,75+3,69.0,83.0,77.0,85.0,79.0,83.0,75.0,68.0,80.0,85.0,73.0,76.0,76.0,85.0,62.0,78.0,67.0,90.0,71.0,80.0,84.0,74.0,86.0,85.0,74.0,86.0,70.0,70.0,63.0,7.0,6.0,9.0,11.0,8.0,€87.1M
7,Tottenham Hotspur,125,200104,H. Son,25,https://cdn.sofifa.org/players/4/19/200104.png,Korea Republic,https://cdn.sofifa.org/flags/167.png,84,85,https://cdn.sofifa.org/teams/2/light/18.png,€37M,€125K,2079,Right,3.0,5.0,4.0,High/ High,Lean,Yes,LM,7.0,"Aug 28, 2015",,2023,6'0,143lbs,82+3,82+3,82+3,84+3,84+3,84+3,84+3,84+3,83+3,83+3,83+3,82+3,76+3,76+3,76+3,82+3,65+3,61+3,61+3,61+3,65+3,61+3,53+3,53+3,53+3,61+3,78.0,85.0,65.0,79.0,79.0,88.0,81.0,70.0,64.0,85.0,88.0,87.0,82.0,84.0,76.0,86.0,63.0,85.0,63.0,88.0,60.0,39.0,85.0,80.0,71.0,82.0,48.0,34.0,33.0,11.0,13.0,13.0,6.0,10.0,€71.2M
8,Tottenham Hotspur,186,200949,Lucas Moura,25,https://cdn.sofifa.org/players/4/19/200949.png,Brazil,https://cdn.sofifa.org/flags/54.png,83,84,https://cdn.sofifa.org/teams/2/light/18.png,€31M,€115K,2075,Right,3.0,3.0,4.0,High/ Medium,Normal,Yes,RM,27.0,"Jan 31, 2018",,2023,5'9,154lbs,76+3,76+3,76+3,81+3,80+3,80+3,80+3,81+3,80+3,80+3,80+3,80+3,74+3,74+3,74+3,80+3,66+3,62+3,62+3,62+3,66+3,63+3,54+3,54+3,54+3,63+3,75.0,78.0,50.0,77.0,70.0,88.0,69.0,74.0,74.0,81.0,94.0,90.0,94.0,76.0,90.0,79.0,77.0,75.0,59.0,76.0,72.0,50.0,80.0,74.0,74.0,80.0,31.0,43.0,51.0,9.0,10.0,14.0,7.0,14.0,€59.7M
9,Tottenham Hotspur,220,162240,M. Dembélé,30,https://cdn.sofifa.org/players/4/19/162240.png,Belgium,https://cdn.sofifa.org/flags/7.png,83,83,https://cdn.sofifa.org/teams/2/light/18.png,€24M,€120K,2177,Left,3.0,2.0,4.0,Medium/ Medium,Normal,Yes,CM,19.0,"Aug 1, 2012",,2019,6'1,181lbs,76+3,76+3,76+3,78+3,79+3,79+3,79+3,78+3,80+3,80+3,80+3,78+3,81+3,81+3,81+3,78+3,77+3,81+3,81+3,81+3,77+3,76+3,79+3,79+3,79+3,76+3,65.0,66.0,70.0,86.0,73.0,89.0,65.0,55.0,80.0,89.0,72.0,72.0,79.0,83.0,76.0,81.0,75.0,70.0,89.0,70.0,79.0,82.0,70.0,80.0,63.0,90.0,75.0,82.0,70.0,16.0,14.0,11.0,16.0,14.0,€44.4M
0,Tottenham Hotspur,16,202126,H. Kane,24,https://cdn.sofifa.org/players/4/19/202126.png,England,https://cdn.sofifa.org/flags/14.png,89,91,https://cdn.sofifa.org/teams/2/light/18.png,€83.5M,€205K,2165,Right,3.0,4.0,3.0,High/ High,Normal,Yes,ST,9.0,"Jul 1, 2010",,2024,6'2,196lbs,86+3,86+3,86+3,82+3,84+3,84+3,84+3,82+3,82+3,82+3,82+3,81+3,79+3,79+3,79+3,81+3,65+3,66+3,66+3,66+3,65+3,62+3,60+3,60+3,60+3,62+3,75.0,94.0,85.0,80.0,84.0,80.0,78.0,68.0,82.0,84.0,68.0,72.0,71.0,91.0,71.0,88.0,78.0,89.0,84.0,85.0,76.0,35.0,93.0,80.0,90.0,89.0,56.0,36.0,38.0,8.0,10.0,11.0,14.0,11.0,€160.7M
