,Club,Unnamed: 0,ID,Name,Age,Photo,Nationality,Flag,Overall,Potential,Club Logo,Value,Wage,Special,Preferred Foot,International Reputation,Weak Foot,Skill Moves,Work Rate,Body Type,Real Face,Position,Jersey Number,Joined,Loaned From,Contract Valid Until,Height,Weight,LS,ST,RS,LW,LF,CF,RF,RW,LAM,CAM,RAM,LM,LCM,CM,RCM,RM,LWB,LDM,CDM,RDM,RWB,LB,LCB,CB,RCB,RB,Crossing,Finishing,HeadingAccuracy,ShortPassing,Volleys,Dribbling,Curve,FKAccuracy,LongPassing,BallControl,Acceleration,SprintSpeed,Agility,Reactions,Balance,ShotPower,Jumping,Stamina,Strength,LongShots,Aggression,Interceptions,Positioning,Vision,Penalties,Composure,Marking,StandingTackle,SlidingTackle,GKDiving,GKHandling,GKKicking,GKPositioning,GKReflexes,Release Clause
0,Brighton & Hove Albion,647,199005,M. Ryan,26,https://cdn.sofifa.org/players/4/19/199005.png,Australia,https://cdn.sofifa.org/flags/195.png,79,81,https://cdn.sofifa.org/teams/2/light/1808.png,€10.5M,€41K,1341,Right,1.0,4.0,1.0,Medium/ Medium,Normal,Yes,GK,1.0,"Jul 1, 2017",,2022,6'0,181lbs,,,,,,,,,,,,,,,,,,,,,,,,,,,23.0,11.0,14.0,40.0,15.0,13.0,23.0,12.0,45.0,24.0,53.0,52.0,53.0,73.0,50.0,35.0,78.0,34.0,68.0,18.0,36.0,23.0,10.0,68.0,25.0,64.0,10.0,20.0,17.0,81.0,74.0,82.0,78.0,83.0,€20.7M
1,Brighton & Hove Albion,842,199915,L. Dunk,26,https://cdn.sofifa.org/players/4/19/199915.png,England,https://cdn.sofifa.org/flags/14.png,78,81,https://cdn.sofifa.org/teams/2/light/1808.png,€11M,€46K,1632,Right,1.0,4.0,2.0,High/ High,Normal,Yes,LCB,5.0,"Jul 1, 2010",,2023,6'4,194lbs,55+2,55+2,55+2,50+2,54+2,54+2,54+2,50+2,54+2,54+2,54+2,54+2,62+2,62+2,62+2,54+2,65+2,73+2,73+2,73+2,65+2,67+2,76+2,76+2,76+2,67+2,32.0,37.0,76.0,71.0,24.0,60.0,23.0,39.0,74.0,68.0,38.0,50.0,47.0,79.0,42.0,72.0,72.0,64.0,82.0,21.0,80.0,78.0,30.0,45.0,36.0,72.0,80.0,76.0,78.0,15.0,16.0,9.0,12.0,6.0,€21.7M
5,Brighton & Hove Albion,999,194644,Montoya,27,https://cdn.sofifa.org/players/4/19/194644.png,Spain,https://cdn.sofifa.org/flags/45.png,77,78,https://cdn.sofifa.org/teams/2/light/1808.png,€8M,€43K,2036,Right,2.0,4.0,3.0,High/ Medium,Lean,Yes,RB,22.0,"Aug 9, 2018",,2022,5'9,161lbs,67+2,67+2,67+2,69+2,68+2,68+2,68+2,69+2,69+2,69+2,69+2,71+2,70+2,70+2,70+2,71+2,76+2,73+2,73+2,73+2,76+2,75+2,72+2,72+2,72+2,75+2,77.0,50.0,62.0,73.0,66.0,70.0,77.0,55.0,69.0,74.0,79.0,79.0,78.0,73.0,80.0,82.0,75.0,83.0,68.0,68.0,69.0,78.0,63.0,63.0,50.0,67.0,72.0,73.0,77.0,6.0,15.0,16.0,8.0,8.0,€15.8M
11,Brighton & Hove Albion,1615,188182,L. Balogun,30,https://cdn.sofifa.org/players/4/19/188182.png,Nigeria,https://cdn.sofifa.org/flags/133.png,75,75,https://cdn.sofifa.org/teams/2/light/1808.png,€4.9M,€38K,1751,Right,1.0,3.0,2.0,Medium/ Medium,Normal,Yes,CB,14.0,"Jul 1, 2018",,2020,6'3,194lbs,58+2,58+2,58+2,58+2,57+2,57+2,57+2,58+2,57+2,57+2,57+2,59+2,60+2,60+2,60+2,59+2,68+2,68+2,68+2,68+2,68+2,69+2,73+2,73+2,73+2,69+2,69.0,30.0,77.0,66.0,32.0,60.0,59.0,38.0,60.0,64.0,60.0,69.0,51.0,69.0,51.0,70.0,73.0,60.0,82.0,60.0,72.0,73.0,49.0,47.0,39.0,66.0,75.0,73.0,74.0,6.0,15.0,12.0,10.0,6.0,€9.4M
13,Brighton & Hove Albion,1783,232805,Bernardo,23,https://cdn.sofifa.org/players/4/19/232805.png,Brazil,https://cdn.sofifa.org/flags/54.png,75,80,https://cdn.sofifa.org/teams/2/light/1808.png,€7.5M,€33K,1858,Left,1.0,3.0,3.0,Medium/ Medium,Lean,Yes,LB,30.0,"Jul 5, 2018",,2022,6'1,168lbs,59+2,59+2,59+2,62+2,61+2,61+2,61+2,62+2,61+2,61+2,61+2,63+2,63+2,63+2,63+2,63+2,72+2,70+2,70+2,70+2,72+2,73+2,73+2,73+2,73+2,73+2,61.0,28.0,64.0,70.0,53.0,63.0,47.0,32.0,53.0,70.0,74.0,77.0,69.0,69.0,66.0,72.0,78.0,76.0,69.0,68.0,74.0,71.0,58.0,49.0,43.0,64.0,75.0,79.0,84.0,15.0,12.0,13.0,14.0,12.0,€14.8M
2,Brighton & Hove Albion,915,219411,J. Izquierdo,25,https://cdn.sofifa.org/players/4/19/219411.png,Colombia,https://cdn.sofifa.org/flags/56.png,77,78,https://cdn.sofifa.org/teams/2/light/1808.png,€10.5M,€45K,1860,Right,2.0,3.0,4.0,High/ High,Normal,Yes,LM,19.0,"Aug 16, 2017",,2021,5'7,165lbs,73+2,73+2,73+2,77+2,76+2,76+2,76+2,77+2,75+2,75+2,75+2,75+2,67+2,67+2,67+2,75+2,59+2,53+2,53+2,53+2,59+2,56+2,45+2,45+2,45+2,56+2,70.0,71.0,60.0,69.0,54.0,81.0,75.0,34.0,63.0,78.0,92.0,90.0,91.0,71.0,84.0,80.0,67.0,74.0,59.0,77.0,27.0,37.0,75.0,71.0,58.0,72.0,48.0,21.0,30.0,13.0,8.0,12.0,7.0,13.0,€20.7M
3,Brighton & Hove Albion,944,190765,P. Groß,27,https://cdn.sofifa.org/players/4/19/190765.png,Germany,https://cdn.sofifa.org/flags/21.png,77,78,https://cdn.sofifa.org/teams/2/light/1808.png,€10M,€47K,2074,Right,2.0,4.0,4.0,High/ High,Lean,Yes,CAM,13.0,"Jul 1, 2017",,2022,5'11,172lbs,71+2,71+2,71+2,75+2,74+2,74+2,74+2,75+2,76+2,76+2,76+2,77+2,78+2,78+2,78+2,77+2,72+2,72+2,72+2,72+2,72+2,69+2,64+2,64+2,64+2,69+2,84.0,72.0,53.0,80.0,65.0,75.0,82.0,77.0,81.0,77.0,63.0,65.0,66.0,76.0,73.0,74.0,70.0,93.0,71.0,74.0,66.0,67.0,76.0,84.0,65.0,78.0,57.0,62.0,61.0,8.0,15.0,15.0,16.0,11.0,€19.8M
4,Brighton & Hove Albion,963,215871,A. Jahanbakhsh,24,https://cdn.sofifa.org/players/4/19/215871.png,Iran,https://cdn.sofifa.org/flags/161.png,77,80,https://cdn.sofifa.org/teams/2/light/1808.png,€11.5M,€41K,1945,Right,2.0,4.0,4.0,High/ High,Normal,Yes,RM,16.0,"Jul 25, 2018",,2023,5'11,172lbs,74+2,74+2,74+2,76+2,76+2,76+2,76+2,76+2,75+2,75+2,75+2,75+2,70+2,70+2,70+2,75+2,62+2,59+2,59+2,59+2,62+2,59+2,53+2,53+2,53+2,59+2,71.0,72.0,62.0,72.0,72.0,83.0,64.0,46.0,62.0,79.0,79.0,83.0,76.0,74.0,75.0,84.0,87.0,78.0,66.0,79.0,68.0,42.0,72.0,75.0,58.0,75.0,42.0,37.0,40.0,13.0,11.0,9.0,7.0,7.0,€22.7M
6,Brighton & Hove Albion,1051,193158,D. Pröpper,26,https://cdn.sofifa.org/players/4/19/193158.png,Netherlands,https://cdn.sofifa.org/flags/34.png,77,78,https://cdn.sofifa.org/teams/2/light/1808.png,€10.5M,€47K,2032,Right,2.0,3.0,3.0,Medium/ High,Normal,Yes,CM,6.0,"Aug 7, 2017",,2021,6'1,174lbs,70+2,70+2,70+2,71+2,72+2,72+2,72+2,71+2,74+2,74+2,74+2,72+2,75+2,75+2,75+2,72+2,69+2,72+2,72+2,72+2,69+2,68+2,68+2,68+2,68+2,68+2,58.0,62.0,68.0,77.0,72.0,72.0,74.0,71.0,71.0,82.0,64.0,62.0,70.0,77.0,64.0,80.0,68.0,88.0,67.0,78.0,76.0,62.0,66.0,82.0,66.0,84.0,70.0,69.0,61.0,16.0,8.0,16.0,9.0,6.0,€20.7M
9,Brighton & Hove Albion,1400,203910,A. Knockaert,26,https://cdn.sofifa.org/players/4/19/203910.png,France,https://cdn.sofifa.org/flags/18.png,76,76,https://cdn.sofifa.org/teams/2/light/1808.png,€8.5M,€44K,1981,Left,1.0,3.0,4.0,High/ High,Normal,Yes,RM,11.0,"Jan 7, 2016",,2022,5'8,152lbs,71+2,71+2,71+2,76+2,75+2,75+2,75+2,76+2,75+2,75+2,75+2,75+2,70+2,70+2,70+2,75+2,63+2,62+2,62+2,62+2,63+2,60+2,56+2,56+2,56+2,60+2,75.0,71.0,59.0,73.0,61.0,83.0,75.0,71.0,64.0,80.0,75.0,72.0,90.0,72.0,84.0,73.0,72.0,72.0,54.0,70.0,80.0,52.0,74.0,74.0,68.0,73.0,58.0,40.0,34.0,14.0,14.0,8.0,11.0,8.0,€16.2M
7,Brighton & Hove Albion,1056,172937,G. Murray,34,https://cdn.sofifa.org/players/4/19/172937.png,England,https://cdn.sofifa.org/flags/14.png,77,77,https://cdn.sofifa.org/teams/2/light/1808.png,€4.7M,€51K,1796,Right,1.0,3.0,2.0,Low/ Medium,Lean,Yes,ST,17.0,"Jan 31, 2017",,2020,6'0,176lbs,75+2,75+2,75+2,66+2,71+2,71+2,71+2,66+2,69+2,69+2,69+2,64+2,66+2,66+2,66+2,64+2,50+2,56+2,56+2,56+2,50+2,48+2,54+2,54+2,54+2,48+2,48.0,83.0,85.0,69.0,74.0,65.0,57.0,33.0,55.0,74.0,34.0,34.0,52.0,84.0,71.0,78.0,84.0,55.0,77.0,64.0,79.0,45.0,88.0,70.0,80.0,81.0,44.0,29.0,23.0,15.0,16.0,14.0,7.0,10.0,€8.9M
