,Club,Unnamed: 0,ID,Name,Age,Photo,Nationality,Flag,Overall,Potential,Club Logo,Value,Wage,Special,Preferred Foot,International Reputation,Weak Foot,Skill Moves,Work Rate,Body Type,Real Face,Position,Jersey Number,Joined,Loaned From,Contract Valid Until,Height,Weight,LS,ST,RS,LW,LF,CF,RF,RW,LAM,CAM,RAM,LM,LCM,CM,RCM,RM,LWB,LDM,CDM,RDM,RWB,LB,LCB,CB,RCB,RB,Crossing,Finishing,HeadingAccuracy,ShortPassing,Volleys,Dribbling,Curve,FKAccuracy,LongPassing,BallControl,Acceleration,SprintSpeed,Agility,Reactions,Balance,ShotPower,Jumping,Stamina,Strength,LongShots,Aggression,Interceptions,Positioning,Vision,Penalties,Composure,Marking,StandingTackle,SlidingTackle,GKDiving,GKHandling,GKKicking,GKPositioning,GKReflexes,Release Clause
0,Burnley,463,203841,N. Pope,26,https://cdn.sofifa.org/players/4/19/203841.png,England,https://cdn.sofifa.org/flags/14.png,80,83,https://cdn.sofifa.org/teams/2/light/1796.png,€13M,€48K,1215,Right,1.0,3.0,1.0,Medium/ Medium,Lean,Yes,GK,23.0,"Jul 20, 2016",,2020,6'7,168lbs,,,,,,,,,,,,,,,,,,,,,,,,,,,11.0,14.0,11.0,32.0,14.0,15.0,13.0,12.0,35.0,24.0,50.0,47.0,36.0,71.0,45.0,17.0,72.0,37.0,73.0,15.0,36.0,21.0,13.0,43.0,22.0,62.0,14.0,15.0,14.0,79.0,80.0,74.0,80.0,80.0,€25.7M
1,Burnley,468,202695,J. Tarkowski,25,https://cdn.sofifa.org/players/4/19/202695.png,England,https://cdn.sofifa.org/flags/14.png,80,83,https://cdn.sofifa.org/teams/2/light/1796.png,€15.5M,€56K,1858,Right,1.0,4.0,2.0,Medium/ Medium,Normal,Yes,RCB,5.0,"Feb 1, 2016",,2022,6'4,179lbs,58+2,58+2,58+2,59+2,60+2,60+2,60+2,59+2,62+2,62+2,62+2,63+2,67+2,67+2,67+2,63+2,71+2,75+2,75+2,75+2,71+2,73+2,78+2,78+2,78+2,73+2,59.0,36.0,80.0,73.0,40.0,66.0,54.0,57.0,72.0,70.0,55.0,63.0,58.0,75.0,57.0,63.0,82.0,69.0,81.0,38.0,79.0,79.0,43.0,66.0,52.0,79.0,79.0,82.0,80.0,14.0,8.0,12.0,9.0,7.0,€30.6M
4,Burnley,668,189682,B. Mee,28,https://cdn.sofifa.org/players/4/19/189682.png,England,https://cdn.sofifa.org/flags/14.png,79,79,https://cdn.sofifa.org/teams/2/light/1796.png,€10M,€58K,1799,Left,1.0,3.0,2.0,Medium/ High,Normal,Yes,LCB,6.0,"Jan 17, 2012",,2019,6'0,181lbs,55+2,55+2,55+2,57+2,56+2,56+2,56+2,57+2,57+2,57+2,57+2,60+2,62+2,62+2,62+2,60+2,71+2,72+2,72+2,72+2,71+2,72+2,78+2,78+2,78+2,72+2,63.0,30.0,79.0,63.0,29.0,63.0,45.0,31.0,61.0,65.0,62.0,63.0,63.0,75.0,70.0,60.0,93.0,70.0,82.0,39.0,82.0,79.0,38.0,60.0,36.0,74.0,79.0,81.0,80.0,15.0,7.0,12.0,10.0,14.0,€19M
9,Burnley,1080,201884,R. Brady,26,https://cdn.sofifa.org/players/4/19/201884.png,Republic of Ireland,https://cdn.sofifa.org/flags/25.png,77,78,https://cdn.sofifa.org/teams/2/light/1796.png,€10.5M,€52K,2076,Left,1.0,3.0,4.0,High/ Medium,Normal,Yes,LWB,12.0,"Jan 31, 2017",,2020,5'10,170lbs,72+2,72+2,72+2,75+2,74+2,74+2,74+2,75+2,74+2,74+2,74+2,75+2,73+2,73+2,73+2,75+2,72+2,69+2,69+2,69+2,72+2,71+2,66+2,66+2,66+2,71+2,80.0,70.0,59.0,72.0,66.0,78.0,81.0,79.0,75.0,76.0,79.0,78.0,74.0,74.0,76.0,78.0,73.0,74.0,64.0,75.0,58.0,66.0,73.0,77.0,72.0,74.0,63.0,68.0,71.0,12.0,8.0,13.0,7.0,7.0,€20.7M
10,Burnley,1151,199633,M. Lowton,29,https://cdn.sofifa.org/players/4/19/199633.png,England,https://cdn.sofifa.org/flags/14.png,77,77,https://cdn.sofifa.org/teams/2/light/1796.png,€6.5M,€50K,2051,Right,1.0,3.0,2.0,High/ High,Normal,Yes,RB,2.0,"Jun 22, 2015",,2021,5'11,172lbs,69+2,69+2,69+2,72+2,71+2,71+2,71+2,72+2,72+2,72+2,72+2,74+2,74+2,74+2,74+2,74+2,76+2,76+2,76+2,76+2,76+2,76+2,75+2,75+2,75+2,76+2,81.0,52.0,73.0,75.0,70.0,75.0,77.0,46.0,74.0,77.0,74.0,70.0,69.0,78.0,71.0,72.0,77.0,79.0,73.0,68.0,76.0,76.0,70.0,75.0,49.0,76.0,78.0,77.0,76.0,11.0,6.0,6.0,13.0,7.0,€12.4M
2,Burnley,531,170815,S. Defour,30,https://cdn.sofifa.org/players/4/19/170815.png,Belgium,https://cdn.sofifa.org/flags/7.png,80,80,https://cdn.sofifa.org/teams/2/light/1796.png,€13.5M,€65K,2138,Right,2.0,3.0,3.0,Medium/ Medium,Normal,Yes,LCM,16.0,"Aug 16, 2016",,2019,5'9,159lbs,72+2,72+2,72+2,75+2,75+2,75+2,75+2,75+2,76+2,76+2,76+2,75+2,78+2,78+2,78+2,75+2,76+2,78+2,78+2,78+2,76+2,75+2,75+2,75+2,75+2,75+2,77.0,67.0,62.0,81.0,70.0,78.0,78.0,77.0,78.0,80.0,67.0,62.0,71.0,80.0,79.0,76.0,70.0,77.0,68.0,74.0,81.0,82.0,73.0,80.0,71.0,82.0,79.0,76.0,71.0,7.0,6.0,14.0,16.0,10.0,€25.7M
3,Burnley,664,191076,J. Guðmundsson,27,https://cdn.sofifa.org/players/4/19/191076.png,Iceland,https://cdn.sofifa.org/flags/24.png,79,79,https://cdn.sofifa.org/teams/2/light/1796.png,€13M,€61K,2084,Left,1.0,4.0,4.0,High/ High,Normal,Yes,RM,7.0,"Jul 20, 2016",,2021,5'10,170lbs,74+2,74+2,74+2,77+2,77+2,77+2,77+2,77+2,77+2,77+2,77+2,78+2,75+2,75+2,75+2,78+2,70+2,68+2,68+2,68+2,70+2,67+2,63+2,63+2,63+2,67+2,82.0,70.0,64.0,78.0,72.0,81.0,79.0,77.0,75.0,79.0,79.0,77.0,76.0,77.0,76.0,84.0,78.0,78.0,70.0,74.0,66.0,58.0,74.0,79.0,70.0,79.0,58.0,59.0,49.0,7.0,6.0,14.0,10.0,8.0,€24.7M
7,Burnley,880,169706,J. Cork,29,https://cdn.sofifa.org/players/4/19/169706.png,England,https://cdn.sofifa.org/flags/14.png,78,78,https://cdn.sofifa.org/teams/2/light/1796.png,€10M,€58K,2057,Right,2.0,4.0,3.0,Medium/ High,Normal,Yes,RCM,4.0,"Jul 11, 2017",,2021,6'0,165lbs,69+2,69+2,69+2,69+2,70+2,70+2,70+2,69+2,72+2,72+2,72+2,72+2,77+2,77+2,77+2,72+2,76+2,79+2,79+2,79+2,76+2,75+2,77+2,77+2,77+2,75+2,68.0,58.0,75.0,80.0,60.0,75.0,75.0,58.0,79.0,79.0,57.0,54.0,63.0,78.0,71.0,74.0,75.0,92.0,77.0,59.0,80.0,79.0,68.0,76.0,60.0,80.0,80.0,79.0,76.0,13.0,11.0,16.0,6.0,6.0,€19M
13,Burnley,1453,152747,A. Lennon,31,https://cdn.sofifa.org/players/4/19/152747.png,England,https://cdn.sofifa.org/flags/14.png,76,76,https://cdn.sofifa.org/teams/2/light/1796.png,€7M,€48K,1904,Right,2.0,3.0,3.0,High/ High,Normal,Yes,RM,25.0,"Jan 23, 2018",,2020,5'5,139lbs,66+2,66+2,66+2,75+2,73+2,73+2,73+2,75+2,74+2,74+2,74+2,75+2,70+2,70+2,70+2,75+2,66+2,62+2,62+2,62+2,66+2,62+2,53+2,53+2,53+2,62+2,75.0,65.0,28.0,73.0,68.0,81.0,63.0,55.0,61.0,78.0,83.0,81.0,87.0,75.0,91.0,64.0,68.0,76.0,54.0,57.0,57.0,52.0,73.0,73.0,62.0,77.0,56.0,50.0,43.0,14.0,7.0,7.0,16.0,11.0,€13.3M
14,Burnley,1630,200478,J. Hendrick,26,https://cdn.sofifa.org/players/4/19/200478.png,Republic of Ireland,https://cdn.sofifa.org/flags/25.png,75,77,https://cdn.sofifa.org/teams/2/light/1796.png,€8M,€46K,2060,Right,1.0,3.0,3.0,Medium/ High,Normal,Yes,CM,13.0,"Aug 31, 2016",,2019,6'0,185lbs,71+2,71+2,71+2,72+2,73+2,73+2,73+2,72+2,73+2,73+2,73+2,73+2,75+2,75+2,75+2,73+2,73+2,74+2,74+2,74+2,73+2,72+2,72+2,72+2,72+2,72+2,70.0,67.0,69.0,78.0,68.0,76.0,73.0,64.0,76.0,76.0,70.0,67.0,68.0,74.0,74.0,74.0,74.0,78.0,71.0,69.0,75.0,75.0,73.0,74.0,63.0,74.0,74.0,71.0,69.0,12.0,6.0,9.0,9.0,14.0,€15.8M
8,Burnley,1040,192123,C. Wood,26,https://cdn.sofifa.org/players/4/19/192123.png,New Zealand,https://cdn.sofifa.org/flags/198.png,77,78,https://cdn.sofifa.org/teams/2/light/1796.png,€10.5M,€56K,1892,Right,1.0,3.0,2.0,High/ Medium,Normal,Yes,ST,9.0,"Aug 21, 2017",,2021,6'2,203lbs,76+2,76+2,76+2,68+2,72+2,72+2,72+2,68+2,69+2,69+2,69+2,67+2,63+2,63+2,63+2,67+2,53+2,54+2,54+2,54+2,53+2,52+2,54+2,54+2,54+2,52+2,46.0,78.0,83.0,65.0,69.0,66.0,69.0,64.0,48.0,74.0,68.0,75.0,65.0,75.0,61.0,80.0,76.0,70.0,84.0,71.0,74.0,40.0,79.0,64.0,81.0,77.0,39.0,30.0,29.0,14.0,16.0,16.0,7.0,16.0,€20.7M
