,Club,Unnamed: 0,ID,Name,Age,Photo,Nationality,Flag,Overall,Potential,Club Logo,Value,Wage,Special,Preferred Foot,International Reputation,Weak Foot,Skill Moves,Work Rate,Body Type,Real Face,Position,Jersey Number,Joined,Loaned From,Contract Valid Until,Height,Weight,LS,ST,RS,LW,LF,CF,RF,RW,LAM,CAM,RAM,LM,LCM,CM,RCM,RM,LWB,LDM,CDM,RDM,RWB,LB,LCB,CB,RCB,RB,Crossing,Finishing,HeadingAccuracy,ShortPassing,Volleys,Dribbling,Curve,FKAccuracy,LongPassing,BallControl,Acceleration,SprintSpeed,Agility,Reactions,Balance,ShotPower,Jumping,Stamina,Strength,LongShots,Aggression,Interceptions,Positioning,Vision,Penalties,Composure,Marking,StandingTackle,SlidingTackle,GKDiving,GKHandling,GKKicking,GKPositioning,GKReflexes,Release Clause
8,Cardiff City,2876,184436,A. Smithies,28,https://cdn.sofifa.org/players/4/19/184436.png,England,https://cdn.sofifa.org/flags/14.png,73,75,https://cdn.sofifa.org/teams/2/light/1961.png,€3.3M,€28K,1211,Right,1.0,2.0,1.0,Medium/ Medium,Lean,Yes,GK,12.0,"Jun 28, 2018",,2022,6'2,194lbs,,,,,,,,,,,,,,,,,,,,,,,,,,,14.0,11.0,17.0,30.0,13.0,14.0,11.0,11.0,15.0,23.0,59.0,59.0,33.0,65.0,44.0,46.0,82.0,39.0,66.0,13.0,37.0,24.0,17.0,43.0,21.0,58.0,15.0,12.0,17.0,76.0,69.0,67.0,74.0,74.0,€6.9M
1,Cardiff City,1849,172425,S. Bamba,33,https://cdn.sofifa.org/players/4/19/172425.png,Ivory Coast,https://cdn.sofifa.org/flags/108.png,75,75,https://cdn.sofifa.org/teams/2/light/1961.png,€2.7M,€38K,1444,Right,1.0,3.0,2.0,Medium/ Medium,Normal,Yes,LCB,22.0,"Oct 11, 2016",,2020,6'3,190lbs,48+2,48+2,48+2,45+2,47+2,47+2,47+2,45+2,47+2,47+2,47+2,48+2,52+2,52+2,52+2,48+2,60+2,66+2,66+2,66+2,60+2,63+2,74+2,74+2,74+2,63+2,27.0,27.0,76.0,59.0,16.0,58.0,34.0,16.0,53.0,57.0,53.0,55.0,32.0,65.0,32.0,51.0,65.0,52.0,89.0,15.0,82.0,79.0,24.0,38.0,19.0,64.0,72.0,75.0,74.0,7.0,6.0,16.0,12.0,8.0,€5.4M
4,Cardiff City,2159,198190,G. Cunningham,27,https://cdn.sofifa.org/players/4/19/198190.png,Republic of Ireland,https://cdn.sofifa.org/flags/25.png,74,75,https://cdn.sofifa.org/teams/2/light/1961.png,€5M,€35K,1890,Left,1.0,3.0,3.0,Medium/ High,Normal,Yes,LB,18.0,"Jun 13, 2018",,2021,6'0,154lbs,64+2,64+2,64+2,67+2,65+2,65+2,65+2,67+2,65+2,65+2,65+2,68+2,66+2,66+2,66+2,68+2,72+2,70+2,70+2,70+2,72+2,72+2,72+2,72+2,72+2,72+2,73.0,55.0,70.0,69.0,25.0,70.0,47.0,56.0,67.0,69.0,75.0,77.0,70.0,72.0,69.0,60.0,73.0,79.0,72.0,54.0,82.0,69.0,60.0,55.0,44.0,72.0,71.0,74.0,74.0,16.0,16.0,9.0,11.0,7.0,€10.4M
5,Cardiff City,2293,188270,B. Ecuélé Manga,29,https://cdn.sofifa.org/players/4/19/188270.png,Gabon,https://cdn.sofifa.org/flags/115.png,74,74,https://cdn.sofifa.org/teams/2/light/1961.png,€4.4M,€37K,1518,Right,1.0,3.0,2.0,Medium/ High,Normal,Yes,RB,5.0,"Sep 1, 2014",,2019,6'1,168lbs,46+2,46+2,46+2,46+2,45+2,45+2,45+2,46+2,47+2,47+2,47+2,50+2,54+2,54+2,54+2,50+2,63+2,67+2,67+2,67+2,63+2,66+2,72+2,72+2,72+2,66+2,56.0,23.0,72.0,62.0,26.0,39.0,35.0,25.0,59.0,59.0,54.0,58.0,31.0,67.0,35.0,43.0,60.0,52.0,81.0,29.0,78.0,78.0,23.0,51.0,46.0,67.0,70.0,75.0,74.0,12.0,16.0,8.0,14.0,7.0,€8.7M
6,Cardiff City,2388,187033,S. Morrison,27,https://cdn.sofifa.org/players/4/19/187033.png,England,https://cdn.sofifa.org/flags/14.png,74,76,https://cdn.sofifa.org/teams/2/light/1961.png,€5.5M,€35K,1483,Right,1.0,2.0,2.0,Medium/ High,Normal,Yes,RCB,4.0,"Aug 15, 2014",,2022,6'4,185lbs,45+2,45+2,45+2,41+2,42+2,42+2,42+2,41+2,42+2,42+2,42+2,43+2,48+2,48+2,48+2,43+2,58+2,63+2,63+2,63+2,58+2,62+2,72+2,72+2,72+2,62+2,30.0,22.0,78.0,53.0,20.0,43.0,20.0,27.0,47.0,54.0,44.0,46.0,54.0,69.0,45.0,52.0,75.0,59.0,84.0,18.0,81.0,73.0,25.0,31.0,47.0,57.0,74.0,73.0,74.0,16.0,6.0,16.0,11.0,16.0,€11.4M
0,Cardiff City,1467,219571,Camarasa,24,https://cdn.sofifa.org/players/4/19/219571.png,Spain,https://cdn.sofifa.org/flags/45.png,76,83,https://cdn.sofifa.org/teams/2/light/1961.png,€10.5M,€20K,1972,Right,1.0,3.0,3.0,High/ Medium,Lean,Yes,RM,21.0,,Real Betis,"Jun 30, 2019",6'0,168lbs,69+2,69+2,69+2,70+2,71+2,71+2,71+2,70+2,73+2,73+2,73+2,71+2,74+2,74+2,74+2,71+2,69+2,73+2,73+2,73+2,69+2,68+2,70+2,70+2,70+2,68+2,60.0,67.0,57.0,78.0,59.0,74.0,57.0,66.0,75.0,77.0,65.0,55.0,66.0,72.0,69.0,76.0,72.0,73.0,74.0,69.0,73.0,70.0,72.0,76.0,56.0,69.0,70.0,73.0,68.0,14.0,9.0,11.0,11.0,8.0,
2,Cardiff City,1876,184469,H. Arter,28,https://cdn.sofifa.org/players/4/19/184469.png,Republic of Ireland,https://cdn.sofifa.org/flags/25.png,75,75,https://cdn.sofifa.org/teams/2/light/1961.png,€6.5M,€55K,1991,Left,1.0,5.0,3.0,High/ High,Normal,Yes,CM,22.0,,Bournemouth,"Jun 30, 2019",5'9,154lbs,68+2,68+2,68+2,69+2,70+2,70+2,70+2,69+2,72+2,72+2,72+2,70+2,74+2,74+2,74+2,70+2,69+2,73+2,73+2,73+2,69+2,68+2,69+2,69+2,69+2,68+2,62.0,66.0,53.0,80.0,63.0,69.0,64.0,70.0,77.0,75.0,65.0,58.0,71.0,72.0,75.0,76.0,68.0,71.0,69.0,73.0,86.0,70.0,69.0,73.0,68.0,73.0,64.0,74.0,67.0,7.0,7.0,11.0,10.0,8.0,
3,Cardiff City,2107,189462,J. Hoilett,28,https://cdn.sofifa.org/players/4/19/189462.png,Canada,https://cdn.sofifa.org/flags/70.png,74,74,https://cdn.sofifa.org/teams/2/light/1961.png,€5.5M,€44K,1896,Right,2.0,3.0,3.0,Medium/ Medium,Normal,Yes,LM,10.0,"Oct 10, 2016",,2021,5'8,154lbs,71+2,71+2,71+2,74+2,73+2,73+2,73+2,74+2,73+2,73+2,73+2,72+2,66+2,66+2,66+2,72+2,57+2,54+2,54+2,54+2,57+2,54+2,48+2,48+2,48+2,54+2,71.0,68.0,58.0,68.0,69.0,76.0,69.0,65.0,63.0,75.0,88.0,87.0,85.0,70.0,83.0,76.0,71.0,58.0,63.0,73.0,66.0,45.0,71.0,73.0,68.0,66.0,20.0,39.0,28.0,11.0,10.0,9.0,11.0,9.0,€11M
7,Cardiff City,2451,204464,J. Ralls,24,https://cdn.sofifa.org/players/4/19/204464.png,England,https://cdn.sofifa.org/flags/14.png,74,79,https://cdn.sofifa.org/teams/2/light/1961.png,€7.5M,€34K,1963,Left,1.0,2.0,3.0,Medium/ High,Normal,Yes,RCM,8.0,"Oct 1, 2011",,2022,5'10,154lbs,65+2,65+2,65+2,70+2,69+2,69+2,69+2,70+2,71+2,71+2,71+2,70+2,72+2,72+2,72+2,70+2,71+2,72+2,72+2,72+2,71+2,69+2,65+2,65+2,65+2,69+2,72.0,67.0,37.0,75.0,61.0,71.0,71.0,70.0,74.0,73.0,66.0,61.0,71.0,74.0,68.0,72.0,49.0,77.0,58.0,69.0,74.0,72.0,65.0,73.0,73.0,67.0,68.0,73.0,69.0,9.0,16.0,13.0,11.0,11.0,€15.6M
11,Cardiff City,3175,189167,A. Gunnarsson,29,https://cdn.sofifa.org/players/4/19/189167.png,Iceland,https://cdn.sofifa.org/flags/24.png,73,73,https://cdn.sofifa.org/teams/2/light/1961.png,€3.1M,€34K,1921,Right,1.0,3.0,3.0,Medium/ High,Normal,Yes,RCM,17.0,"Jul 9, 2011",,2019,5'10,190lbs,65+2,65+2,65+2,65+2,65+2,65+2,65+2,65+2,66+2,66+2,66+2,65+2,69+2,69+2,69+2,65+2,69+2,71+2,71+2,71+2,69+2,68+2,71+2,71+2,71+2,68+2,64.0,57.0,68.0,72.0,61.0,66.0,56.0,59.0,71.0,72.0,56.0,57.0,73.0,71.0,72.0,70.0,73.0,71.0,72.0,66.0,80.0,77.0,62.0,64.0,52.0,65.0,63.0,73.0,71.0,11.0,6.0,16.0,10.0,9.0,€6.2M
10,Cardiff City,3167,203502,B. Reid,25,https://cdn.sofifa.org/players/4/19/203502.png,England,https://cdn.sofifa.org/flags/14.png,73,78,https://cdn.sofifa.org/teams/2/light/1961.png,€5.5M,€37K,1979,Right,1.0,3.0,3.0,High/ High,Lean,Yes,ST,14.0,"Jun 28, 2018",,2022,5'7,150lbs,72+2,72+2,72+2,74+2,74+2,74+2,74+2,74+2,73+2,73+2,73+2,73+2,70+2,70+2,70+2,73+2,67+2,63+2,63+2,63+2,67+2,65+2,59+2,59+2,59+2,65+2,67.0,74.0,63.0,71.0,69.0,74.0,61.0,62.0,64.0,74.0,84.0,78.0,87.0,75.0,86.0,67.0,72.0,83.0,60.0,72.0,46.0,56.0,77.0,71.0,70.0,65.0,53.0,58.0,54.0,8.0,12.0,13.0,8.0,10.0,€11.4M
