,Club,Unnamed: 0,ID,Name,Age,Photo,Nationality,Flag,Overall,Potential,Club Logo,Value,Wage,Special,Preferred Foot,International Reputation,Weak Foot,Skill Moves,Work Rate,Body Type,Real Face,Position,Jersey Number,Joined,Loaned From,Contract Valid Until,Height,Weight,LS,ST,RS,LW,LF,CF,RF,RW,LAM,CAM,RAM,LM,LCM,CM,RCM,RM,LWB,LDM,CDM,RDM,RWB,LB,LCB,CB,RCB,RB,Crossing,Finishing,HeadingAccuracy,ShortPassing,Volleys,Dribbling,Curve,FKAccuracy,LongPassing,BallControl,Acceleration,SprintSpeed,Agility,Reactions,Balance,ShotPower,Jumping,Stamina,Strength,LongShots,Aggression,Interceptions,Positioning,Vision,Penalties,Composure,Marking,StandingTackle,SlidingTackle,GKDiving,GKHandling,GKKicking,GKPositioning,GKReflexes,Release Clause
6,Chelsea,177,206585,Kepa,23,https://cdn.sofifa.org/players/4/19/206585.png,Spain,https://cdn.sofifa.org/flags/45.png,83,91,https://cdn.sofifa.org/teams/2/light/5.png,€28.5M,€84K,1223,Right,1.0,4.0,1.0,Medium/ Medium,Lean,Yes,GK,13.0,"Aug 8, 2018",,2025,6'1,187lbs,,,,,,,,,,,,,,,,,,,,,,,,,,,25.0,11.0,17.0,32.0,18.0,10.0,25.0,19.0,36.0,16.0,34.0,33.0,41.0,79.0,39.0,25.0,71.0,37.0,51.0,14.0,18.0,21.0,15.0,55.0,24.0,63.0,19.0,18.0,16.0,84.0,80.0,76.0,80.0,84.0,€58.4M
2,Chelsea,69,184432,Azpilicueta,28,https://cdn.sofifa.org/players/4/19/184432.png,Spain,https://cdn.sofifa.org/flags/45.png,86,86,https://cdn.sofifa.org/teams/2/light/5.png,€35M,€175K,2114,Right,3.0,3.0,2.0,Medium/ Medium,Normal,Yes,RB,14.0,"Aug 24, 2012",,2022,5'10,168lbs,67+3,67+3,67+3,71+3,70+3,70+3,70+3,71+3,72+3,72+3,72+3,74+3,77+3,77+3,77+3,74+3,83+3,83+3,83+3,83+3,83+3,84+3,83+3,83+3,83+3,84+3,81.0,46.0,76.0,81.0,51.0,69.0,68.0,58.0,80.0,77.0,76.0,76.0,72.0,88.0,73.0,68.0,76.0,87.0,71.0,60.0,82.0,89.0,62.0,74.0,66.0,78.0,88.0,90.0,86.0,13.0,9.0,10.0,6.0,5.0,€64.8M
7,Chelsea,200,192638,Marcos Alonso,27,https://cdn.sofifa.org/players/4/19/192638.png,Spain,https://cdn.sofifa.org/flags/45.png,83,84,https://cdn.sofifa.org/teams/2/light/5.png,€24M,€130K,2201,Left,2.0,3.0,3.0,High/ Low,Lean,Yes,LB,3.0,"Aug 31, 2016",,2023,6'2,192lbs,78+2,78+2,78+2,77+2,78+2,78+2,78+2,77+2,77+2,77+2,77+2,79+2,79+2,79+2,79+2,79+2,81+2,80+2,80+2,80+2,81+2,81+2,79+2,79+2,79+2,81+2,85.0,68.0,83.0,84.0,70.0,79.0,85.0,86.0,73.0,83.0,69.0,76.0,64.0,84.0,58.0,84.0,71.0,90.0,76.0,77.0,75.0,79.0,79.0,69.0,64.0,76.0,79.0,82.0,79.0,9.0,7.0,13.0,9.0,12.0,€46.2M
8,Chelsea,209,179944,David Luiz,31,https://cdn.sofifa.org/players/4/19/179944.png,Brazil,https://cdn.sofifa.org/flags/54.png,83,83,https://cdn.sofifa.org/teams/2/light/5.png,€17.5M,€130K,2074,Right,4.0,3.0,3.0,Medium/ Medium,Normal,Yes,LCB,30.0,"Aug 31, 2016",,2019,6'2,190lbs,68+3,68+3,68+3,67+3,67+3,67+3,67+3,67+3,69+3,69+3,69+3,68+3,73+3,73+3,73+3,68+3,74+3,78+3,78+3,78+3,74+3,75+3,80+3,80+3,80+3,75+3,68.0,55.0,81.0,77.0,63.0,66.0,70.0,76.0,77.0,79.0,59.0,62.0,69.0,75.0,56.0,79.0,78.0,66.0,79.0,73.0,85.0,85.0,54.0,69.0,75.0,77.0,79.0,83.0,82.0,11.0,12.0,10.0,7.0,14.0,€32.4M
10,Chelsea,257,205452,A. Rüdiger,25,https://cdn.sofifa.org/players/4/19/205452.png,Germany,https://cdn.sofifa.org/flags/21.png,82,84,https://cdn.sofifa.org/teams/2/light/5.png,€22.5M,€110K,1843,Right,2.0,3.0,2.0,Medium/ High,Lean,Yes,CB,16.0,"Jul 9, 2017",,2022,6'3,187lbs,58+2,58+2,58+2,59+2,58+2,58+2,58+2,59+2,60+2,60+2,60+2,62+2,65+2,65+2,65+2,62+2,74+2,76+2,76+2,76+2,74+2,76+2,81+2,81+2,81+2,76+2,68.0,27.0,80.0,75.0,34.0,59.0,35.0,56.0,72.0,69.0,67.0,78.0,59.0,82.0,50.0,70.0,73.0,60.0,82.0,41.0,88.0,80.0,33.0,57.0,40.0,72.0,82.0,85.0,82.0,14.0,15.0,10.0,12.0,8.0,€43.3M
1,Chelsea,14,215914,N. Kanté,27,https://cdn.sofifa.org/players/4/19/215914.png,France,https://cdn.sofifa.org/flags/18.png,89,90,https://cdn.sofifa.org/teams/2/light/5.png,€63M,€225K,2189,Right,3.0,3.0,2.0,Medium/ High,Lean,Yes,LDM,13.0,"Jul 16, 2016",,2023,5'6,159lbs,72+3,72+3,72+3,77+3,77+3,77+3,77+3,77+3,79+3,79+3,79+3,79+3,82+3,82+3,82+3,79+3,85+3,87+3,87+3,87+3,85+3,84+3,83+3,83+3,83+3,84+3,68.0,65.0,54.0,86.0,56.0,79.0,49.0,49.0,81.0,80.0,82.0,78.0,82.0,93.0,92.0,71.0,77.0,96.0,76.0,69.0,90.0,92.0,71.0,79.0,54.0,85.0,90.0,91.0,85.0,15.0,12.0,10.0,7.0,10.0,€121.3M
3,Chelsea,121,205498,Jorginho,26,https://cdn.sofifa.org/players/4/19/205498.png,Italy,https://cdn.sofifa.org/flags/27.png,84,87,https://cdn.sofifa.org/teams/2/light/5.png,€38M,€155K,2136,Right,2.0,3.0,3.0,Medium/ Medium,Lean,No,CM,8.0,"Jul 16, 2018",,2023,5'11,148lbs,70+2,70+2,70+2,77+2,76+2,76+2,76+2,77+2,80+2,80+2,80+2,79+2,82+2,82+2,82+2,79+2,77+2,79+2,79+2,79+2,77+2,75+2,72+2,72+2,72+2,75+2,75.0,57.0,56.0,89.0,71.0,82.0,75.0,76.0,87.0,85.0,75.0,69.0,80.0,83.0,73.0,71.0,58.0,79.0,66.0,62.0,79.0,78.0,72.0,87.0,84.0,79.0,63.0,78.0,70.0,14.0,7.0,13.0,14.0,8.0,€73.2M
5,Chelsea,176,207410,M. Kovačić,24,https://cdn.sofifa.org/players/4/19/207410.png,Croatia,https://cdn.sofifa.org/flags/10.png,83,89,https://cdn.sofifa.org/teams/2/light/5.png,€35M,€165K,2115,Right,3.0,4.0,4.0,High/ High,Normal,Yes,LCM,17.0,,Real Madrid,"Jun 30, 2019",5'9,172lbs,71+3,71+3,71+3,79+3,78+3,78+3,78+3,79+3,81+3,81+3,81+3,80+3,82+3,82+3,82+3,80+3,76+3,78+3,78+3,78+3,76+3,74+3,69+3,69+3,69+3,74+3,73.0,62.0,42.0,87.0,76.0,88.0,78.0,68.0,82.0,89.0,84.0,74.0,81.0,70.0,85.0,79.0,63.0,82.0,65.0,75.0,77.0,78.0,69.0,88.0,59.0,72.0,69.0,75.0,63.0,9.0,5.0,6.0,7.0,7.0,
9,Chelsea,219,162895,Cesc Fàbregas,31,https://cdn.sofifa.org/players/4/19/162895.png,Spain,https://cdn.sofifa.org/flags/45.png,83,83,https://cdn.sofifa.org/teams/2/light/5.png,€22M,€140K,2040,Right,4.0,3.0,3.0,High/ Medium,Normal,Yes,CM,4.0,"Jul 1, 2014",,2019,5'10,170lbs,74+3,74+3,74+3,76+3,77+3,77+3,77+3,76+3,80+3,80+3,80+3,77+3,79+3,79+3,79+3,77+3,68+3,70+3,70+3,70+3,68+3,66+3,62+3,62+3,62+3,66+3,85.0,72.0,74.0,90.0,81.0,79.0,78.0,81.0,89.0,85.0,56.0,54.0,62.0,81.0,75.0,77.0,63.0,56.0,61.0,70.0,45.0,50.0,72.0,91.0,78.0,92.0,64.0,59.0,58.0,6.0,10.0,8.0,15.0,15.0,€40.7M
17,Chelsea,641,199767,M. van Ginkel,25,https://cdn.sofifa.org/players/4/19/199767.png,Netherlands,https://cdn.sofifa.org/flags/34.png,79,80,https://cdn.sofifa.org/teams/2/light/5.png,€14.5M,€98K,2102,Right,2.0,4.0,3.0,High/ High,Lean,Yes,CM,26.0,"Jul 5, 2013",,2020,6'1,181lbs,75+2,75+2,75+2,75+2,76+2,76+2,76+2,75+2,77+2,77+2,77+2,75+2,77+2,77+2,77+2,75+2,72+2,74+2,74+2,74+2,72+2,71+2,71+2,71+2,71+2,71+2,71.0,76.0,74.0,83.0,74.0,75.0,66.0,69.0,79.0,80.0,62.0,69.0,71.0,77.0,59.0,79.0,74.0,76.0,71.0,76.0,69.0,63.0,78.0,77.0,84.0,84.0,71.0,73.0,68.0,7.0,11.0,13.0,13.0,14.0,€27.9M
0,Chelsea,5,183277,E. Hazard,27,https://cdn.sofifa.org/players/4/19/183277.png,Belgium,https://cdn.sofifa.org/flags/7.png,91,91,https://cdn.sofifa.org/teams/2/light/5.png,€93M,€340K,2142,Right,4.0,4.0,4.0,High/ Medium,Normal,Yes,LF,10.0,"Jul 1, 2012",,2020,5'8,163lbs,83+3,83+3,83+3,89+3,88+3,88+3,88+3,89+3,89+3,89+3,89+3,89+3,82+3,82+3,82+3,89+3,66+3,63+3,63+3,63+3,66+3,60+3,49+3,49+3,49+3,60+3,81.0,84.0,61.0,89.0,80.0,95.0,83.0,79.0,83.0,94.0,94.0,88.0,95.0,90.0,94.0,82.0,56.0,83.0,66.0,80.0,54.0,41.0,87.0,89.0,86.0,91.0,34.0,27.0,22.0,11.0,12.0,6.0,8.0,8.0,€172.1M
