,Club,Unnamed: 0,ID,Name,Age,Photo,Nationality,Flag,Overall,Potential,Club Logo,Value,Wage,Special,Preferred Foot,International Reputation,Weak Foot,Skill Moves,Work Rate,Body Type,Real Face,Position,Jersey Number,Joined,Loaned From,Contract Valid Until,Height,Weight,LS,ST,RS,LW,LF,CF,RF,RW,LAM,CAM,RAM,LM,LCM,CM,RCM,RM,LWB,LDM,CDM,RDM,RWB,LB,LCB,CB,RCB,RB,Crossing,Finishing,HeadingAccuracy,ShortPassing,Volleys,Dribbling,Curve,FKAccuracy,LongPassing,BallControl,Acceleration,SprintSpeed,Agility,Reactions,Balance,ShotPower,Jumping,Stamina,Strength,LongShots,Aggression,Interceptions,Positioning,Vision,Penalties,Composure,Marking,StandingTackle,SlidingTackle,GKDiving,GKHandling,GKKicking,GKPositioning,GKReflexes,Release Clause
1,Crystal Palace,500,189690,Guaita,31,https://cdn.sofifa.org/players/4/19/189690.png,Spain,https://cdn.sofifa.org/flags/45.png,80,80,https://cdn.sofifa.org/teams/2/light/1799.png,€9M,€48K,1361,Right,2.0,3.0,1.0,Medium/ Medium,Normal,Yes,GK,31.0,"Jul 1, 2018",,2021,6'3,176lbs,,,,,,,,,,,,,,,,,,,,,,,,,,,35.0,11.0,20.0,39.0,13.0,16.0,32.0,20.0,33.0,24.0,51.0,52.0,63.0,72.0,48.0,45.0,68.0,41.0,62.0,15.0,24.0,27.0,13.0,52.0,29.0,62.0,23.0,15.0,17.0,82.0,81.0,79.0,77.0,82.0,€17.1M
4,Crystal Palace,691,183285,M. Sakho,28,https://cdn.sofifa.org/players/4/19/183285.png,France,https://cdn.sofifa.org/flags/18.png,79,80,https://cdn.sofifa.org/teams/2/light/1799.png,€11.5M,€58K,1698,Left,3.0,2.0,2.0,Medium/ High,Normal,Yes,CB,5.0,"Aug 31, 2017",,2021,6'2,183lbs,51+3,51+3,51+3,52+3,51+3,51+3,51+3,52+3,55+3,55+3,55+3,56+3,63+3,63+3,63+3,56+3,69+3,74+3,74+3,74+3,69+3,71+3,78+3,78+3,78+3,71+3,58.0,23.0,74.0,77.0,20.0,50.0,50.0,30.0,69.0,63.0,49.0,55.0,50.0,70.0,54.0,51.0,75.0,70.0,91.0,38.0,87.0,81.0,36.0,53.0,40.0,76.0,74.0,82.0,78.0,14.0,12.0,9.0,7.0,8.0,€22.7M
5,Crystal Palace,881,173546,J. Tomkins,29,https://cdn.sofifa.org/players/4/19/173546.png,England,https://cdn.sofifa.org/flags/14.png,78,79,https://cdn.sofifa.org/teams/2/light/1799.png,€9M,€53K,1616,Right,2.0,3.0,2.0,Medium/ Medium,Normal,Yes,RCB,5.0,"Jul 5, 2016",,2021,6'4,163lbs,50+2,50+2,50+2,49+2,50+2,50+2,50+2,49+2,53+2,53+2,53+2,53+2,60+2,60+2,60+2,53+2,66+2,72+2,72+2,72+2,66+2,68+2,77+2,77+2,77+2,68+2,45.0,29.0,78.0,70.0,28.0,50.0,33.0,31.0,60.0,59.0,41.0,49.0,47.0,76.0,50.0,40.0,76.0,65.0,79.0,29.0,80.0,78.0,38.0,54.0,43.0,74.0,81.0,80.0,79.0,11.0,8.0,6.0,9.0,14.0,€17.8M
7,Crystal Palace,1325,186190,P. van Aanholt,27,https://cdn.sofifa.org/players/4/19/186190.png,Netherlands,https://cdn.sofifa.org/flags/34.png,76,76,https://cdn.sofifa.org/teams/2/light/1799.png,€6.5M,€44K,2066,Left,1.0,4.0,3.0,High/ Low,Lean,Yes,LB,21.0,"Jan 30, 2017",,2021,5'9,148lbs,71+2,71+2,71+2,74+2,73+2,73+2,73+2,74+2,73+2,73+2,73+2,74+2,73+2,73+2,73+2,74+2,74+2,73+2,73+2,73+2,74+2,74+2,71+2,71+2,71+2,74+2,65.0,66.0,61.0,72.0,58.0,76.0,64.0,68.0,74.0,76.0,88.0,89.0,78.0,71.0,77.0,75.0,90.0,83.0,65.0,69.0,75.0,69.0,75.0,68.0,46.0,67.0,72.0,75.0,76.0,9.0,15.0,7.0,8.0,6.0,€12.4M
12,Crystal Palace,2011,157665,S. Dann,31,https://cdn.sofifa.org/players/4/19/157665.png,England,https://cdn.sofifa.org/flags/14.png,75,75,https://cdn.sofifa.org/teams/2/light/1799.png,€4.5M,€42K,1516,Right,2.0,3.0,2.0,Low/ Medium,Normal,Yes,CB,6.0,"Jan 31, 2014",,2020,6'2,172lbs,51+2,51+2,51+2,45+2,48+2,48+2,48+2,45+2,49+2,49+2,49+2,47+2,56+2,56+2,56+2,47+2,60+2,67+2,67+2,67+2,60+2,63+2,73+2,73+2,73+2,63+2,30.0,40.0,81.0,59.0,29.0,38.0,30.0,29.0,58.0,60.0,38.0,33.0,42.0,77.0,51.0,52.0,66.0,56.0,77.0,32.0,72.0,77.0,36.0,48.0,30.0,70.0,77.0,76.0,75.0,6.0,10.0,15.0,7.0,9.0,€8.5M
2,Crystal Palace,598,212150,M. Meyer,22,https://cdn.sofifa.org/players/4/19/212150.png,Germany,https://cdn.sofifa.org/flags/21.png,79,83,https://cdn.sofifa.org/teams/2/light/1799.png,€16M,€53K,2018,Right,2.0,4.0,4.0,Medium/ Medium,Lean,No,LM,7.0,"Aug 3, 2018",,2021,5'8,150lbs,65+2,65+2,65+2,76+2,73+2,73+2,73+2,76+2,77+2,77+2,77+2,77+2,78+2,78+2,78+2,77+2,74+2,74+2,74+2,74+2,74+2,71+2,65+2,65+2,65+2,71+2,74.0,63.0,37.0,85.0,60.0,84.0,74.0,69.0,75.0,82.0,76.0,60.0,89.0,79.0,90.0,45.0,60.0,83.0,52.0,60.0,80.0,72.0,72.0,80.0,60.0,78.0,71.0,66.0,62.0,8.0,12.0,13.0,11.0,14.0,€31.6M
3,Crystal Palace,610,206304,L. Milivojević,27,https://cdn.sofifa.org/players/4/19/206304.png,Serbia,https://cdn.sofifa.org/flags/51.png,79,81,https://cdn.sofifa.org/teams/2/light/1799.png,€12.5M,€56K,2045,Right,1.0,2.0,2.0,Medium/ High,Normal,Yes,RCM,4.0,"Feb 1, 2017",,2020,6'1,176lbs,67+2,67+2,67+2,66+2,68+2,68+2,68+2,66+2,69+2,69+2,69+2,68+2,74+2,74+2,74+2,68+2,73+2,77+2,77+2,77+2,73+2,73+2,76+2,76+2,76+2,73+2,66.0,54.0,75.0,79.0,50.0,62.0,71.0,78.0,75.0,74.0,53.0,59.0,58.0,77.0,58.0,79.0,62.0,86.0,82.0,72.0,88.0,79.0,66.0,73.0,87.0,73.0,78.0,76.0,72.0,13.0,9.0,16.0,6.0,12.0,€24.7M
9,Crystal Palace,1465,186801,C. Kouyaté,28,https://cdn.sofifa.org/players/4/19/186801.png,Senegal,https://cdn.sofifa.org/flags/136.png,76,76,https://cdn.sofifa.org/teams/2/light/1799.png,€6M,€46K,1957,Right,2.0,3.0,3.0,High/ Medium,Lean,Yes,LCM,8.0,"Aug 1, 2018",,2022,6'2,183lbs,71+2,71+2,71+2,67+2,70+2,70+2,70+2,67+2,68+2,68+2,68+2,68+2,70+2,70+2,70+2,68+2,72+2,74+2,74+2,74+2,72+2,73+2,77+2,77+2,77+2,73+2,53.0,65.0,79.0,68.0,50.0,68.0,39.0,47.0,64.0,73.0,65.0,75.0,62.0,79.0,57.0,74.0,77.0,88.0,84.0,63.0,84.0,77.0,72.0,63.0,52.0,72.0,74.0,77.0,75.0,15.0,8.0,9.0,12.0,9.0,€11.4M
10,Crystal Palace,1492,171972,J. McArthur,30,https://cdn.sofifa.org/players/4/19/171972.png,Scotland,https://cdn.sofifa.org/flags/42.png,76,76,https://cdn.sofifa.org/teams/2/light/1799.png,€7M,€48K,1936,Right,1.0,3.0,3.0,High/ High,Normal,Yes,RM,18.0,"Sep 1, 2014",,2020,5'10,146lbs,69+2,69+2,69+2,70+2,71+2,71+2,71+2,70+2,72+2,72+2,72+2,71+2,74+2,74+2,74+2,71+2,71+2,75+2,75+2,75+2,71+2,70+2,72+2,72+2,72+2,70+2,66.0,68.0,66.0,78.0,53.0,70.0,54.0,61.0,74.0,77.0,60.0,53.0,70.0,80.0,77.0,65.0,64.0,79.0,71.0,61.0,88.0,73.0,75.0,72.0,64.0,80.0,70.0,72.0,70.0,1.0,1.0,1.0,1.0,1.0,€13.3M
17,Crystal Palace,2799,221269,J. Riedewald,21,https://cdn.sofifa.org/players/4/19/221269.png,Netherlands,https://cdn.sofifa.org/flags/34.png,73,80,https://cdn.sofifa.org/teams/2/light/1799.png,€4.9M,€26K,1813,Left,1.0,3.0,3.0,Medium/ Medium,Normal,Yes,CDM,44.0,"Jul 24, 2017",,2022,6'0,174lbs,61+2,61+2,61+2,63+2,63+2,63+2,63+2,63+2,65+2,65+2,65+2,66+2,68+2,68+2,68+2,66+2,70+2,72+2,72+2,72+2,70+2,70+2,71+2,71+2,71+2,70+2,65.0,46.0,69.0,77.0,45.0,66.0,35.0,35.0,75.0,75.0,65.0,63.0,69.0,65.0,61.0,69.0,67.0,67.0,68.0,49.0,69.0,74.0,53.0,64.0,42.0,62.0,73.0,74.0,72.0,15.0,7.0,15.0,9.0,15.0,€10.2M
0,Crystal Palace,270,198717,W. Zaha,25,https://cdn.sofifa.org/players/4/19/198717.png,Ivory Coast,https://cdn.sofifa.org/flags/108.png,82,85,https://cdn.sofifa.org/teams/2/light/1799.png,€28.5M,€78K,1930,Right,2.0,3.0,5.0,High/ Low,Lean,Yes,LS,11.0,"Feb 2, 2015",,2023,5'11,146lbs,76+2,76+2,76+2,82+2,80+2,80+2,80+2,82+2,80+2,80+2,80+2,81+2,71+2,71+2,71+2,81+2,60+2,55+2,55+2,55+2,60+2,55+2,45+2,45+2,45+2,55+2,81.0,77.0,47.0,75.0,61.0,90.0,57.0,51.0,65.0,87.0,89.0,92.0,88.0,77.0,82.0,78.0,57.0,76.0,75.0,68.0,73.0,23.0,78.0,77.0,66.0,81.0,22.0,29.0,28.0,15.0,10.0,15.0,11.0,10.0,€56.3M
