,Club,Unnamed: 0,ID,Name,Age,Photo,Nationality,Flag,Overall,Potential,Club Logo,Value,Wage,Special,Preferred Foot,International Reputation,Weak Foot,Skill Moves,Work Rate,Body Type,Real Face,Position,Jersey Number,Joined,Loaned From,Contract Valid Until,Height,Weight,LS,ST,RS,LW,LF,CF,RF,RW,LAM,CAM,RAM,LM,LCM,CM,RCM,RM,LWB,LDM,CDM,RDM,RWB,LB,LCB,CB,RCB,RB,Crossing,Finishing,HeadingAccuracy,ShortPassing,Volleys,Dribbling,Curve,FKAccuracy,LongPassing,BallControl,Acceleration,SprintSpeed,Agility,Reactions,Balance,ShotPower,Jumping,Stamina,Strength,LongShots,Aggression,Interceptions,Positioning,Vision,Penalties,Composure,Marking,StandingTackle,SlidingTackle,GKDiving,GKHandling,GKKicking,GKPositioning,GKReflexes,Release Clause
0,Everton,180,204935,J. Pickford,24,https://cdn.sofifa.org/players/4/19/204935.png,England,https://cdn.sofifa.org/flags/14.png,83,88,https://cdn.sofifa.org/teams/2/light/7.png,€25M,€78K,1435,Left,1.0,4.0,1.0,Medium/ Medium,Normal,Yes,GK,1.0,"Jun 15, 2017",,2024,6'1,170lbs,,,,,,,,,,,,,,,,,,,,,,,,,,,17.0,19.0,15.0,55.0,20.0,14.0,18.0,16.0,55.0,40.0,53.0,44.0,55.0,83.0,55.0,31.0,72.0,45.0,70.0,13.0,30.0,24.0,18.0,68.0,41.0,69.0,16.0,20.0,12.0,83.0,78.0,88.0,81.0,86.0,€49.4M
4,Everton,451,207599,M. Keane,25,https://cdn.sofifa.org/players/4/19/207599.png,England,https://cdn.sofifa.org/flags/14.png,80,83,https://cdn.sofifa.org/teams/2/light/7.png,€15.5M,€88K,1828,Right,2.0,3.0,2.0,Medium/ High,Normal,Yes,RCB,4.0,"Jul 3, 2017",,2022,6'3,181lbs,59+2,59+2,59+2,59+2,58+2,58+2,58+2,59+2,60+2,60+2,60+2,61+2,65+2,65+2,65+2,61+2,71+2,74+2,74+2,74+2,71+2,73+2,78+2,78+2,78+2,73+2,60.0,50.0,81.0,71.0,40.0,66.0,53.0,33.0,69.0,69.0,58.0,65.0,59.0,75.0,62.0,58.0,82.0,68.0,85.0,46.0,68.0,80.0,29.0,56.0,48.0,73.0,79.0,82.0,80.0,16.0,7.0,8.0,14.0,11.0,€30.6M
6,Everton,475,200458,L. Digne,24,https://cdn.sofifa.org/players/4/19/200458.png,France,https://cdn.sofifa.org/flags/18.png,80,84,https://cdn.sofifa.org/teams/2/light/7.png,€16M,€79K,2067,Left,2.0,3.0,4.0,High/ Medium,Lean,Yes,LB,12.0,"Aug 1, 2018",,2023,5'10,163lbs,69+2,69+2,69+2,74+2,73+2,73+2,73+2,74+2,74+2,74+2,74+2,75+2,75+2,75+2,75+2,75+2,79+2,77+2,77+2,77+2,79+2,78+2,75+2,75+2,75+2,78+2,82.0,52.0,68.0,81.0,45.0,76.0,68.0,67.0,69.0,82.0,76.0,75.0,68.0,77.0,79.0,77.0,73.0,79.0,69.0,69.0,75.0,81.0,69.0,72.0,60.0,76.0,73.0,77.0,82.0,6.0,12.0,9.0,6.0,13.0,€31.6M
7,Everton,517,180216,S. Coleman,29,https://cdn.sofifa.org/players/4/19/180216.png,Republic of Ireland,https://cdn.sofifa.org/flags/25.png,80,80,https://cdn.sofifa.org/teams/2/light/7.png,€11M,€97K,2065,Right,2.0,3.0,3.0,High/ High,Normal,Yes,RWB,2.0,"Feb 4, 2009",,2022,5'10,148lbs,72+2,72+2,72+2,75+2,74+2,74+2,74+2,75+2,74+2,74+2,74+2,76+2,75+2,75+2,75+2,76+2,79+2,77+2,77+2,77+2,79+2,79+2,77+2,77+2,77+2,79+2,82.0,61.0,69.0,78.0,64.0,79.0,42.0,53.0,70.0,78.0,77.0,75.0,73.0,80.0,74.0,75.0,71.0,77.0,69.0,66.0,78.0,80.0,75.0,70.0,55.0,82.0,78.0,84.0,82.0,5.0,15.0,10.0,13.0,7.0,€20.9M
9,Everton,617,204311,K. Zouma,23,https://cdn.sofifa.org/players/4/19/204311.png,France,https://cdn.sofifa.org/flags/18.png,79,83,https://cdn.sofifa.org/teams/2/light/7.png,€14M,€80K,1856,Right,2.0,3.0,2.0,Medium/ Medium,Normal,Yes,CB,22.0,,Chelsea,"Jun 30, 2019",6'3,212lbs,61+2,61+2,61+2,56+2,58+2,58+2,58+2,56+2,58+2,58+2,58+2,58+2,62+2,62+2,62+2,58+2,67+2,71+2,71+2,71+2,67+2,70+2,78+2,78+2,78+2,70+2,49.0,47.0,77.0,63.0,47.0,50.0,60.0,59.0,60.0,63.0,60.0,70.0,45.0,74.0,52.0,63.0,89.0,63.0,91.0,49.0,83.0,78.0,53.0,59.0,59.0,67.0,77.0,78.0,79.0,14.0,14.0,7.0,9.0,15.0,
1,Everton,198,193474,I. Gueye,28,https://cdn.sofifa.org/players/4/19/193474.png,Senegal,https://cdn.sofifa.org/flags/136.png,83,83,https://cdn.sofifa.org/teams/2/light/7.png,€21M,€125K,2055,Right,2.0,3.0,3.0,Medium/ High,Lean,Yes,RDM,17.0,"Aug 3, 2016",,2022,5'9,146lbs,69+2,69+2,69+2,71+2,71+2,71+2,71+2,71+2,72+2,72+2,72+2,72+2,76+2,76+2,76+2,72+2,79+2,81+2,81+2,81+2,79+2,80+2,81+2,81+2,81+2,80+2,60.0,50.0,69.0,80.0,32.0,75.0,33.0,61.0,72.0,79.0,76.0,72.0,80.0,81.0,80.0,80.0,87.0,89.0,70.0,66.0,84.0,87.0,67.0,67.0,54.0,80.0,84.0,89.0,84.0,8.0,6.0,8.0,12.0,13.0,€39.9M
2,Everton,292,184484,G. Sigurðsson,28,https://cdn.sofifa.org/players/4/19/184484.png,Iceland,https://cdn.sofifa.org/flags/24.png,82,82,https://cdn.sofifa.org/teams/2/light/7.png,€22.5M,€125K,2096,Right,3.0,5.0,3.0,High/ High,Normal,Yes,CAM,10.0,"Aug 16, 2017",,2022,6'1,181lbs,75+3,75+3,75+3,78+3,78+3,78+3,78+3,78+3,80+3,80+3,80+3,78+3,80+3,80+3,80+3,78+3,70+3,70+3,70+3,70+3,70+3,66+3,61+3,61+3,61+3,66+3,86.0,77.0,60.0,84.0,75.0,80.0,87.0,86.0,80.0,85.0,58.0,55.0,68.0,78.0,63.0,83.0,68.0,86.0,68.0,86.0,57.0,55.0,79.0,86.0,79.0,84.0,57.0,57.0,55.0,13.0,8.0,10.0,15.0,12.0,€42.8M
3,Everton,444,211575,André Gomes,24,https://cdn.sofifa.org/players/4/19/211575.png,Portugal,https://cdn.sofifa.org/flags/38.png,80,85,https://cdn.sofifa.org/teams/2/light/7.png,€19.5M,€130K,2065,Right,3.0,4.0,4.0,Medium/ Medium,Normal,Yes,LDM,8.0,,FC Barcelona,"Jun 30, 2019",6'2,185lbs,73+3,73+3,73+3,73+3,75+3,75+3,75+3,73+3,76+3,76+3,76+3,74+3,78+3,78+3,78+3,74+3,72+3,77+3,77+3,77+3,72+3,71+3,74+3,74+3,74+3,71+3,61.0,65.0,69.0,82.0,63.0,80.0,82.0,67.0,81.0,78.0,68.0,62.0,67.0,77.0,64.0,80.0,58.0,76.0,86.0,71.0,81.0,74.0,74.0,81.0,55.0,78.0,75.0,75.0,64.0,12.0,9.0,6.0,14.0,8.0,
5,Everton,457,205525,Bernard,25,https://cdn.sofifa.org/players/4/19/205525.png,Brazil,https://cdn.sofifa.org/flags/54.png,80,81,https://cdn.sofifa.org/teams/2/light/7.png,€17.5M,€97K,1917,Right,2.0,4.0,4.0,High/ Medium,Lean,No,LM,20.0,"Aug 9, 2018",,2022,5'5,132lbs,73+2,73+2,73+2,79+2,78+2,78+2,78+2,79+2,78+2,78+2,78+2,78+2,72+2,72+2,72+2,78+2,62+2,56+2,56+2,56+2,62+2,58+2,45+2,45+2,45+2,58+2,77.0,71.0,59.0,76.0,68.0,82.0,73.0,69.0,68.0,84.0,94.0,86.0,94.0,80.0,96.0,76.0,61.0,68.0,34.0,65.0,41.0,42.0,72.0,77.0,57.0,71.0,31.0,39.0,25.0,6.0,11.0,13.0,10.0,12.0,€34.6M
11,Everton,699,177358,M. Schneiderlin,28,https://cdn.sofifa.org/players/4/19/177358.png,France,https://cdn.sofifa.org/flags/18.png,79,79,https://cdn.sofifa.org/teams/2/light/7.png,€10M,€92K,1991,Right,2.0,3.0,3.0,Low/ High,Lean,Yes,CDM,18.0,"Jan 12, 2017",,2021,6'1,165lbs,67+2,67+2,67+2,67+2,68+2,68+2,68+2,67+2,69+2,69+2,69+2,69+2,73+2,73+2,73+2,69+2,74+2,77+2,77+2,77+2,74+2,74+2,76+2,76+2,76+2,74+2,65.0,58.0,69.0,78.0,56.0,68.0,68.0,63.0,75.0,80.0,58.0,58.0,69.0,76.0,69.0,71.0,68.0,79.0,75.0,56.0,81.0,81.0,63.0,69.0,56.0,79.0,77.0,78.0,77.0,6.0,11.0,12.0,14.0,7.0,€19M
8,Everton,560,231943,Richarlison,21,https://cdn.sofifa.org/players/4/19/231943.png,Brazil,https://cdn.sofifa.org/flags/54.png,79,86,https://cdn.sofifa.org/teams/2/light/7.png,€18M,€79K,2009,Right,1.0,5.0,4.0,High/ High,Normal,Yes,ST,30.0,"Jul 24, 2018",,2023,5'11,154lbs,78+2,78+2,78+2,77+2,78+2,78+2,78+2,77+2,76+2,76+2,76+2,77+2,70+2,70+2,70+2,77+2,62+2,60+2,60+2,60+2,62+2,60+2,57+2,57+2,57+2,60+2,69.0,79.0,75.0,75.0,64.0,84.0,71.0,65.0,59.0,79.0,83.0,85.0,78.0,78.0,74.0,80.0,80.0,78.0,76.0,64.0,82.0,35.0,78.0,72.0,69.0,77.0,46.0,44.0,36.0,12.0,7.0,8.0,11.0,13.0,€37.8M
