,Club,Unnamed: 0,ID,Name,Age,Photo,Nationality,Flag,Overall,Potential,Club Logo,Value,Wage,Special,Preferred Foot,International Reputation,Weak Foot,Skill Moves,Work Rate,Body Type,Real Face,Position,Jersey Number,Joined,Loaned From,Contract Valid Until,Height,Weight,LS,ST,RS,LW,LF,CF,RF,RW,LAM,CAM,RAM,LM,LCM,CM,RCM,RM,LWB,LDM,CDM,RDM,RWB,LB,LCB,CB,RCB,RB,Crossing,Finishing,HeadingAccuracy,ShortPassing,Volleys,Dribbling,Curve,FKAccuracy,LongPassing,BallControl,Acceleration,SprintSpeed,Agility,Reactions,Balance,ShotPower,Jumping,Stamina,Strength,LongShots,Aggression,Interceptions,Positioning,Vision,Penalties,Composure,Marking,StandingTackle,SlidingTackle,GKDiving,GKHandling,GKKicking,GKPositioning,GKReflexes,Release Clause
1,Fulham,609,206652,Sergio Rico,24,https://cdn.sofifa.org/players/4/19/206652.png,Spain,https://cdn.sofifa.org/flags/45.png,79,83,https://cdn.sofifa.org/teams/2/light/144.png,€11.5M,€13K,1204,Right,2.0,3.0,1.0,Medium/ Medium,Lean,Yes,GK,25.0,,Sevilla FC,"Jun 30, 2019",6'4,194lbs,,,,,,,,,,,,,,,,,,,,,,,,,,,17.0,14.0,11.0,28.0,15.0,14.0,24.0,20.0,26.0,12.0,48.0,46.0,62.0,76.0,43.0,19.0,63.0,36.0,54.0,12.0,27.0,19.0,11.0,53.0,24.0,60.0,16.0,11.0,11.0,77.0,78.0,77.0,79.0,81.0,
7,Fulham,1877,208534,A. Mawson,24,https://cdn.sofifa.org/players/4/19/208534.png,England,https://cdn.sofifa.org/flags/14.png,75,84,https://cdn.sofifa.org/teams/2/light/144.png,€9M,€38K,1586,Right,1.0,5.0,2.0,Medium/ High,Normal,Yes,LCB,26.0,"Aug 2, 2018",,2022,6'2,192lbs,54+2,54+2,54+2,50+2,52+2,52+2,52+2,50+2,53+2,53+2,53+2,52+2,58+2,58+2,58+2,52+2,61+2,69+2,69+2,69+2,61+2,64+2,74+2,74+2,74+2,64+2,23.0,48.0,79.0,68.0,40.0,56.0,22.0,24.0,66.0,65.0,57.0,58.0,47.0,66.0,49.0,53.0,76.0,56.0,83.0,21.0,69.0,75.0,25.0,43.0,32.0,65.0,76.0,75.0,72.0,14.0,12.0,12.0,14.0,10.0,€18.9M
9,Fulham,2230,232270,T. Fosu-Mensah,20,https://cdn.sofifa.org/players/4/19/232270.png,Netherlands,https://cdn.sofifa.org/flags/34.png,74,84,https://cdn.sofifa.org/teams/2/light/144.png,€8M,€53K,1921,Right,1.0,4.0,3.0,Medium/ Medium,Normal,Yes,RB,21.0,,Manchester United,"Jun 30, 2019",6'1,172lbs,66+2,66+2,66+2,66+2,66+2,66+2,66+2,66+2,66+2,66+2,66+2,67+2,66+2,66+2,66+2,67+2,71+2,71+2,71+2,71+2,71+2,72+2,74+2,74+2,74+2,72+2,64.0,57.0,69.0,72.0,55.0,63.0,60.0,34.0,63.0,67.0,79.0,87.0,73.0,68.0,62.0,69.0,76.0,70.0,78.0,60.0,84.0,73.0,61.0,61.0,48.0,67.0,72.0,75.0,76.0,11.0,8.0,8.0,7.0,11.0,
12,Fulham,2425,205989,C. Chambers,23,https://cdn.sofifa.org/players/4/19/205989.png,England,https://cdn.sofifa.org/flags/14.png,74,80,https://cdn.sofifa.org/teams/2/light/144.png,€6.5M,€56K,1813,Right,1.0,3.0,2.0,Low/ High,Normal,Yes,CB,5.0,,Arsenal,"Jun 30, 2019",6'0,161lbs,59+2,59+2,59+2,61+2,60+2,60+2,60+2,61+2,61+2,61+2,61+2,62+2,64+2,64+2,64+2,62+2,68+2,70+2,70+2,70+2,68+2,69+2,72+2,72+2,72+2,69+2,59.0,46.0,68.0,72.0,45.0,65.0,55.0,49.0,63.0,71.0,59.0,66.0,60.0,65.0,66.0,52.0,71.0,65.0,75.0,53.0,78.0,72.0,50.0,54.0,54.0,66.0,73.0,77.0,74.0,11.0,14.0,12.0,7.0,12.0,
13,Fulham,2526,192725,M. Le Marchand,28,https://cdn.sofifa.org/players/4/19/192725.png,France,https://cdn.sofifa.org/flags/18.png,74,74,https://cdn.sofifa.org/teams/2/light/144.png,€4.4M,€43K,1792,Left,2.0,3.0,2.0,Medium/ High,Lean,Yes,LB,20.0,"Jul 12, 2018",,2022,6'1,172lbs,54+2,54+2,54+2,59+2,57+2,57+2,57+2,59+2,60+2,60+2,60+2,63+2,66+2,66+2,66+2,63+2,72+2,73+2,73+2,73+2,72+2,72+2,73+2,73+2,73+2,72+2,68.0,32.0,73.0,75.0,38.0,62.0,42.0,40.0,72.0,71.0,68.0,70.0,64.0,75.0,64.0,56.0,75.0,76.0,73.0,33.0,76.0,74.0,27.0,63.0,42.0,74.0,74.0,76.0,70.0,13.0,13.0,15.0,7.0,15.0,€8.4M
0,Fulham,331,216451,J. Seri,26,https://cdn.sofifa.org/players/4/19/216451.png,Ivory Coast,https://cdn.sofifa.org/flags/108.png,81,82,https://cdn.sofifa.org/teams/2/light/144.png,€20.5M,€73K,2128,Right,2.0,4.0,3.0,Medium/ Medium,Normal,Yes,LDM,24.0,"Jul 12, 2018",,2022,5'7,161lbs,72+2,72+2,72+2,77+2,77+2,77+2,77+2,77+2,79+2,79+2,79+2,77+2,80+2,80+2,80+2,77+2,74+2,76+2,76+2,76+2,74+2,72+2,70+2,70+2,70+2,72+2,72.0,69.0,60.0,86.0,47.0,78.0,81.0,81.0,84.0,84.0,75.0,70.0,82.0,75.0,88.0,78.0,69.0,75.0,63.0,76.0,73.0,74.0,73.0,83.0,67.0,83.0,69.0,73.0,65.0,14.0,13.0,9.0,10.0,12.0,€40.5M
3,Fulham,1021,193130,A. Schürrle,27,https://cdn.sofifa.org/players/4/19/193130.png,Germany,https://cdn.sofifa.org/flags/21.png,77,77,https://cdn.sofifa.org/teams/2/light/144.png,€9.5M,€47K,2029,Right,3.0,4.0,3.0,High/ High,Lean,Yes,RM,14.0,,Borussia Dortmund,"Jun 30, 2020",6'0,157lbs,76+3,76+3,76+3,77+3,77+3,77+3,77+3,77+3,76+3,76+3,76+3,76+3,70+3,70+3,70+3,76+3,64+3,60+3,60+3,60+3,64+3,62+3,55+3,55+3,55+3,62+3,76.0,78.0,63.0,75.0,81.0,79.0,80.0,70.0,58.0,77.0,79.0,78.0,74.0,78.0,75.0,82.0,69.0,76.0,67.0,82.0,71.0,41.0,80.0,76.0,77.0,75.0,42.0,39.0,55.0,7.0,11.0,12.0,9.0,12.0,
6,Fulham,1800,235883,R. Sessegnon,18,https://cdn.sofifa.org/players/4/19/235883.png,England,https://cdn.sofifa.org/flags/14.png,75,88,https://cdn.sofifa.org/teams/2/light/144.png,€12M,€27K,1933,Left,1.0,3.0,4.0,High/ Medium,Lean,Yes,LM,3.0,"Aug 9, 2016",,2020,5'10,154lbs,71+2,71+2,71+2,75+2,74+2,74+2,74+2,75+2,73+2,73+2,73+2,75+2,71+2,71+2,71+2,75+2,72+2,68+2,68+2,68+2,72+2,71+2,65+2,65+2,65+2,71+2,71.0,75.0,55.0,74.0,55.0,74.0,54.0,31.0,63.0,76.0,85.0,87.0,79.0,75.0,85.0,67.0,66.0,78.0,55.0,57.0,60.0,67.0,77.0,71.0,61.0,79.0,66.0,68.0,62.0,6.0,11.0,7.0,8.0,7.0,€30.3M
8,Fulham,1992,175314,K. McDonald,29,https://cdn.sofifa.org/players/4/19/175314.png,Scotland,https://cdn.sofifa.org/flags/42.png,75,75,https://cdn.sofifa.org/teams/2/light/144.png,€5M,€46K,1852,Right,1.0,4.0,3.0,Medium/ Medium,Normal,Yes,RDM,6.0,"Jul 22, 2016",,2020,6'4,212lbs,63+2,63+2,63+2,64+2,65+2,65+2,65+2,64+2,66+2,66+2,66+2,66+2,70+2,70+2,70+2,66+2,69+2,73+2,73+2,73+2,69+2,68+2,71+2,71+2,71+2,68+2,69.0,54.0,56.0,76.0,50.0,66.0,63.0,56.0,71.0,74.0,47.0,50.0,53.0,75.0,61.0,71.0,68.0,70.0,77.0,64.0,76.0,74.0,60.0,68.0,48.0,78.0,76.0,75.0,64.0,7.0,11.0,6.0,8.0,8.0,€9.5M
10,Fulham,2421,187043,S. Johansen,27,https://cdn.sofifa.org/players/4/19/187043.png,Norway,https://cdn.sofifa.org/flags/36.png,74,75,https://cdn.sofifa.org/teams/2/light/144.png,€6.5M,€45K,2024,Left,1.0,3.0,3.0,High/ High,Lean,Yes,LCM,18.0,"Aug 26, 2016",,2019,6'0,172lbs,69+2,69+2,69+2,71+2,71+2,71+2,71+2,71+2,72+2,72+2,72+2,72+2,73+2,73+2,73+2,72+2,71+2,72+2,72+2,72+2,71+2,70+2,68+2,68+2,68+2,70+2,70.0,69.0,53.0,74.0,64.0,73.0,72.0,75.0,73.0,77.0,66.0,74.0,75.0,71.0,76.0,73.0,65.0,83.0,68.0,75.0,83.0,65.0,66.0,74.0,51.0,74.0,71.0,71.0,64.0,7.0,16.0,7.0,9.0,14.0,€12.8M
4,Fulham,1088,215716,A. Mitrović,23,https://cdn.sofifa.org/players/4/19/215716.png,Serbia,https://cdn.sofifa.org/flags/51.png,77,82,https://cdn.sofifa.org/teams/2/light/144.png,€12M,€52K,1758,Right,1.0,4.0,3.0,Medium/ Medium,Normal,Yes,ST,9.0,"Jul 30, 2018",,2023,6'2,181lbs,76+2,76+2,76+2,67+2,72+2,72+2,72+2,67+2,69+2,69+2,69+2,64+2,61+2,61+2,61+2,64+2,44+2,48+2,48+2,48+2,44+2,42+2,48+2,48+2,48+2,42+2,29.0,78.0,84.0,67.0,76.0,66.0,39.0,52.0,43.0,74.0,60.0,64.0,67.0,77.0,63.0,82.0,81.0,64.0,88.0,70.0,89.0,14.0,82.0,68.0,66.0,76.0,25.0,24.0,13.0,15.0,12.0,6.0,7.0,13.0,€23.7M
