,Club,Unnamed: 0,ID,Name,Age,Photo,Nationality,Flag,Overall,Potential,Club Logo,Value,Wage,Special,Preferred Foot,International Reputation,Weak Foot,Skill Moves,Work Rate,Body Type,Real Face,Position,Jersey Number,Joined,Loaned From,Contract Valid Until,Height,Weight,LS,ST,RS,LW,LF,CF,RF,RW,LAM,CAM,RAM,LM,LCM,CM,RCM,RM,LWB,LDM,CDM,RDM,RWB,LB,LCB,CB,RCB,RB,Crossing,Finishing,HeadingAccuracy,ShortPassing,Volleys,Dribbling,Curve,FKAccuracy,LongPassing,BallControl,Acceleration,SprintSpeed,Agility,Reactions,Balance,ShotPower,Jumping,Stamina,Strength,LongShots,Aggression,Interceptions,Positioning,Vision,Penalties,Composure,Marking,StandingTackle,SlidingTackle,GKDiving,GKHandling,GKKicking,GKPositioning,GKReflexes,Release Clause
3,Huddersfield Town,1213,172553,J. Lössl,29,https://cdn.sofifa.org/players/4/19/172553.png,Denmark,https://cdn.sofifa.org/flags/13.png,76,76,https://cdn.sofifa.org/teams/2/light/1939.png,€5M,€34K,1095,Right,1.0,2.0,1.0,Medium/ Medium,Lean,Yes,GK,16.0,"Jul 1, 2018",,2021,6'5,194lbs,,,,,,,,,,,,,,,,,,,,,,,,,,,14.0,12.0,17.0,35.0,11.0,15.0,14.0,13.0,39.0,19.0,29.0,34.0,32.0,72.0,30.0,22.0,51.0,25.0,67.0,15.0,17.0,20.0,10.0,53.0,12.0,56.0,20.0,13.0,15.0,74.0,77.0,67.0,74.0,77.0,€9.5M
0,Huddersfield Town,831,203485,T. Kongolo,24,https://cdn.sofifa.org/players/4/19/203485.png,Netherlands,https://cdn.sofifa.org/flags/34.png,78,83,https://cdn.sofifa.org/teams/2/light/1939.png,€12M,€39K,1884,Left,2.0,4.0,3.0,Medium/ Medium,Lean,Yes,LCB,5.0,"Jun 9, 2018",,2022,6'2,154lbs,59+2,59+2,59+2,61+2,60+2,60+2,60+2,61+2,61+2,61+2,61+2,64+2,65+2,65+2,65+2,64+2,73+2,72+2,72+2,72+2,73+2,74+2,76+2,76+2,76+2,74+2,67.0,27.0,74.0,72.0,40.0,67.0,63.0,44.0,65.0,72.0,72.0,74.0,71.0,70.0,62.0,67.0,91.0,71.0,79.0,52.0,75.0,76.0,49.0,49.0,42.0,73.0,77.0,80.0,79.0,8.0,14.0,12.0,11.0,12.0,€23.7M
1,Huddersfield Town,839,200607,C. Schindler,28,https://cdn.sofifa.org/players/4/19/200607.png,Germany,https://cdn.sofifa.org/flags/21.png,78,80,https://cdn.sofifa.org/teams/2/light/1939.png,€10M,€48K,1690,Right,1.0,3.0,2.0,Medium/ Medium,Normal,Yes,CB,26.0,"Jun 29, 2016",,2020,6'2,170lbs,50+2,50+2,50+2,50+2,50+2,50+2,50+2,50+2,53+2,53+2,53+2,54+2,60+2,60+2,60+2,54+2,69+2,73+2,73+2,73+2,69+2,72+2,77+2,77+2,77+2,72+2,49.0,25.0,74.0,68.0,30.0,42.0,45.0,33.0,64.0,68.0,60.0,65.0,56.0,77.0,57.0,52.0,74.0,68.0,78.0,24.0,76.0,81.0,27.0,51.0,55.0,73.0,81.0,81.0,78.0,6.0,11.0,10.0,12.0,12.0,€19.8M
2,Huddersfield Town,1134,183491,M. Jørgensen,28,https://cdn.sofifa.org/players/4/19/183491.png,Denmark,https://cdn.sofifa.org/flags/13.png,77,79,https://cdn.sofifa.org/teams/2/light/1939.png,€8.5M,€45K,1710,Right,1.0,2.0,2.0,Medium/ High,Normal,Yes,CB,13.0,"Jul 7, 2017",,2020,6'3,187lbs,56+2,56+2,56+2,54+2,55+2,55+2,55+2,54+2,57+2,57+2,57+2,57+2,62+2,62+2,62+2,57+2,67+2,71+2,71+2,71+2,67+2,69+2,76+2,76+2,76+2,69+2,47.0,34.0,77.0,70.0,40.0,46.0,30.0,26.0,62.0,63.0,62.0,68.0,59.0,71.0,55.0,61.0,74.0,66.0,82.0,30.0,85.0,75.0,46.0,65.0,27.0,71.0,76.0,78.0,74.0,16.0,9.0,9.0,14.0,13.0,€16.8M
5,Huddersfield Town,1663,207920,E. Durm,26,https://cdn.sofifa.org/players/4/19/207920.png,Germany,https://cdn.sofifa.org/flags/21.png,75,77,https://cdn.sofifa.org/teams/2/light/1939.png,€6.5M,€38K,1878,Right,2.0,3.0,3.0,High/ Medium,Lean,No,RWB,37.0,"Jul 13, 2018",,2019,6'0,159lbs,63+2,63+2,63+2,66+2,65+2,65+2,65+2,66+2,64+2,64+2,64+2,67+2,64+2,64+2,64+2,67+2,73+2,69+2,69+2,69+2,73+2,73+2,70+2,70+2,70+2,73+2,75.0,50.0,62.0,66.0,43.0,65.0,60.0,35.0,51.0,71.0,78.0,76.0,72.0,72.0,66.0,66.0,74.0,79.0,66.0,44.0,67.0,75.0,68.0,60.0,55.0,69.0,75.0,71.0,76.0,12.0,14.0,8.0,15.0,11.0,€12.8M
4,Huddersfield Town,1560,183546,J. Hogg,29,https://cdn.sofifa.org/players/4/19/183546.png,England,https://cdn.sofifa.org/flags/14.png,76,76,https://cdn.sofifa.org/teams/2/light/1939.png,€6M,€42K,1889,Right,1.0,3.0,3.0,Medium/ High,Normal,Yes,CM,6.0,"Jul 29, 2013",,2020,5'9,161lbs,63+2,63+2,63+2,64+2,64+2,64+2,64+2,64+2,66+2,66+2,66+2,67+2,69+2,69+2,69+2,67+2,73+2,74+2,74+2,74+2,73+2,73+2,74+2,74+2,74+2,73+2,58.0,54.0,64.0,74.0,53.0,67.0,46.0,41.0,69.0,68.0,69.0,68.0,64.0,74.0,72.0,61.0,64.0,89.0,75.0,54.0,85.0,75.0,58.0,64.0,41.0,70.0,75.0,79.0,76.0,6.0,8.0,13.0,14.0,11.0,€11.4M
9,Huddersfield Town,2334,233601,R. Sobhi,21,https://cdn.sofifa.org/players/4/19/233601.png,Egypt,https://cdn.sofifa.org/flags/111.png,74,79,https://cdn.sofifa.org/teams/2/light/1939.png,€7.5M,€29K,1870,Right,1.0,4.0,4.0,High/ High,Normal,Yes,LM,14.0,"Jun 12, 2018",,2021,6'0,170lbs,69+2,69+2,69+2,73+2,72+2,72+2,72+2,73+2,73+2,73+2,73+2,73+2,69+2,69+2,69+2,73+2,61+2,59+2,59+2,59+2,61+2,58+2,53+2,53+2,53+2,58+2,71.0,61.0,63.0,76.0,61.0,81.0,70.0,63.0,67.0,80.0,71.0,75.0,73.0,66.0,68.0,65.0,58.0,66.0,67.0,65.0,57.0,38.0,73.0,74.0,65.0,75.0,38.0,47.0,49.0,12.0,13.0,15.0,12.0,10.0,€14.8M
13,Huddersfield Town,3018,234924,A. Diakhaby,21,https://cdn.sofifa.org/players/4/19/234924.png,France,https://cdn.sofifa.org/flags/18.png,73,78,https://cdn.sofifa.org/teams/2/light/1939.png,€5.5M,€26K,1697,Left,1.0,2.0,3.0,High/ Medium,Lean,No,RM,11.0,"Jul 20, 2018",,2021,6'2,163lbs,72+2,72+2,72+2,73+2,72+2,72+2,72+2,73+2,71+2,71+2,71+2,71+2,61+2,61+2,61+2,71+2,50+2,44+2,44+2,44+2,50+2,46+2,38+2,38+2,38+2,46+2,66.0,75.0,72.0,72.0,61.0,77.0,54.0,39.0,55.0,67.0,87.0,85.0,78.0,72.0,64.0,71.0,70.0,59.0,57.0,63.0,32.0,14.0,73.0,64.0,71.0,63.0,22.0,17.0,16.0,11.0,8.0,11.0,5.0,9.0,€10.9M
14,Huddersfield Town,3346,220714,P. Billing,22,https://cdn.sofifa.org/players/4/19/220714.png,Denmark,https://cdn.sofifa.org/flags/13.png,72,83,https://cdn.sofifa.org/teams/2/light/1939.png,€4.7M,€25K,1866,Left,1.0,3.0,2.0,Medium/ Medium,Lean,Yes,LCM,8.0,"Oct 9, 2013",,2020,6'6,176lbs,66+2,66+2,66+2,64+2,66+2,66+2,66+2,64+2,67+2,67+2,67+2,65+2,70+2,70+2,70+2,65+2,66+2,71+2,71+2,71+2,66+2,67+2,70+2,70+2,70+2,67+2,53.0,58.0,70.0,76.0,63.0,68.0,64.0,53.0,73.0,72.0,55.0,61.0,54.0,68.0,55.0,74.0,61.0,62.0,75.0,74.0,65.0,69.0,60.0,67.0,46.0,73.0,70.0,76.0,69.0,11.0,7.0,10.0,14.0,13.0,€9.8M
16,Huddersfield Town,3598,188540,R. van La Parra,27,https://cdn.sofifa.org/players/4/19/188540.png,Netherlands,https://cdn.sofifa.org/flags/34.png,72,72,https://cdn.sofifa.org/teams/2/light/1939.png,€3.3M,€31K,1780,Right,1.0,3.0,4.0,Medium/ Medium,Normal,Yes,LM,17.0,"Jun 1, 2016",,2020,5'11,159lbs,65+2,65+2,65+2,71+2,69+2,69+2,69+2,71+2,69+2,69+2,69+2,70+2,64+2,64+2,64+2,70+2,58+2,55+2,55+2,55+2,58+2,54+2,48+2,48+2,48+2,54+2,64.0,58.0,38.0,68.0,51.0,82.0,67.0,57.0,60.0,78.0,79.0,84.0,75.0,65.0,75.0,67.0,55.0,63.0,66.0,54.0,58.0,34.0,68.0,62.0,63.0,66.0,36.0,48.0,36.0,16.0,14.0,11.0,16.0,12.0,€6.2M
6,Huddersfield Town,1812,224883,S. Mounié,23,https://cdn.sofifa.org/players/4/19/224883.png,Benin,https://cdn.sofifa.org/flags/99.png,75,82,https://cdn.sofifa.org/teams/2/light/1939.png,€9.5M,€40K,1830,Right,1.0,3.0,3.0,High/ Medium,Normal,Yes,RS,24.0,"Jul 5, 2017",,2021,6'3,176lbs,73+2,73+2,73+2,67+2,69+2,69+2,69+2,67+2,67+2,67+2,67+2,66+2,63+2,63+2,63+2,66+2,55+2,56+2,56+2,56+2,55+2,54+2,56+2,56+2,56+2,54+2,60.0,74.0,84.0,67.0,69.0,64.0,52.0,41.0,59.0,70.0,66.0,70.0,60.0,71.0,54.0,78.0,83.0,66.0,83.0,65.0,78.0,42.0,76.0,61.0,65.0,67.0,35.0,35.0,40.0,14.0,15.0,6.0,12.0,15.0,€20M
